Date,Adj Close,Close,High,Low,Open,Volume
Ticker,AAPL,AAPL,AAPL,AAPL,AAPL,AAPL
1/2/2020,72.79601288,75.08750153,75.15000153,73.79750061,74.05999756,135480400
1/3/2020,72.08828735,74.35749817,75.14499664,74.125,74.28749847,146322800
1/6/2020,72.6627121,74.94999695,74.98999786,73.1875,73.44750214,118387200
1/7/2020,72.320961,74.59750366,75.22499847,74.37000275,74.95999908,108872000
1/8/2020,73.48435974,75.79750061,76.11000061,74.29000092,74.29000092,132079200
1/9/2020,75.04521179,77.40750122,77.60749817,76.55000305,76.80999756,170108400
1/10/2020,75.2148819,77.58249664,78.16750336,77.0625,77.65000153,140644800
1/13/2020,76.82180023,79.23999786,79.26750183,77.78749847,77.91000366,121532000
1/14/2020,75.78444672,78.16999817,79.39250183,78.04250336,79.17500305,161954400
1/15/2020,75.45967102,77.83499908,78.875,77.38749695,77.96250153,121923600
1/16/2020,76.40491486,78.80999756,78.92500305,78.02249908,78.39749908,108829200
1/17/2020,77.25078583,79.68250275,79.68499756,78.75,79.06749725,137816400
1/21/2020,76.7272644,79.14250183,79.75499725,79,79.29750061,110843200
1/22/2020,77.00114441,79.42500305,79.99749756,79.32749939,79.64499664,101832400
1/23/2020,77.37197876,79.80750275,79.88999939,78.91249847,79.48000336,104472000
1/24/2020,77.14899445,79.57749939,80.83249664,79.37999725,80.0625,146537600
1/27/2020,74.88041687,77.23750305,77.94249725,76.22000122,77.51499939,161940000
1/28/2020,76.99871826,79.42250061,79.59999847,78.04750061,78.15000153,162234000
1/29/2020,78.61049652,81.08499908,81.96250153,80.34500122,81.11250305,216229200
1/30/2020,78.49655151,80.96749878,81.02249908,79.6875,80.13500214,126743200
1/31/2020,75.01613617,77.37750244,80.66999817,77.07250214,80.23249817,199588400
2/3/2020,74.81011963,77.16500092,78.37249756,75.55500031,76.07499695,173788400
2/4/2020,77.27987671,79.71250153,79.91000366,78.40750122,78.82749939,136616400
2/5/2020,77.91004181,80.36250305,81.19000244,79.73750305,80.87999725,118826800
2/6/2020,78.82136536,81.30249786,81.30500031,80.06500244,80.64250183,105425600
2/7/2020,77.74996185,80.00749969,80.84999847,79.5,80.59249878,117684000
2/10/2020,78.11923981,80.38749695,80.38749695,78.46250153,78.54499817,109348800
2/11/2020,77.6479187,79.90249634,80.97499847,79.67749786,80.90000153,94323200
2/12/2020,79.49185944,81.80000305,81.80500031,80.36750031,80.36750031,113730400
2/13/2020,78.92580414,81.21749878,81.55500031,80.83750153,81.04750061,94747600
2/14/2020,78.94527435,81.23750305,81.49500275,80.71250153,81.18499756,80113600
2/18/2020,77.49972534,79.75,79.9375,78.65249634,78.83999634,152531200
2/19/2020,78.62212372,80.90499878,81.14250183,80,80,93984000
2/20/2020,77.81556702,80.07499695,81.16249847,79.55249786,80.65750122,100566000
2/21/2020,76.05419922,78.26249695,80.11250305,77.625,79.65499878,129554000
2/24/2020,72.44159698,74.54499817,76.04499817,72.30750275,74.31500244,222195200
2/25/2020,69.98784637,72.01999664,75.63249969,71.53250122,75.23750305,230673600
2/26/2020,71.09809875,73.16249847,74.47000122,71.625,71.63249969,198054800
2/27/2020,66.45054626,68.37999725,71.5,68.23999786,70.27500153,320605600
2/28/2020,66.4116745,68.33999634,69.60250092,64.09249878,64.31500244,426510000
3/2/2020,72.59463501,74.70249939,75.36000061,69.43000031,70.56999969,341397200
3/3/2020,70.28908539,72.33000183,76,71.44999695,75.91750336,319475600
3/4/2020,73.54943085,75.68499756,75.84999847,73.28250122,74.11000061,219178400
3/5/2020,71.16370392,73.23000336,74.88749695,72.85250092,73.87999725,187572800
3/6/2020,70.21864319,72.25749969,72.70500183,70.30750275,70.5,226176800
3/9/2020,64.66490173,66.54250336,69.52249908,65.75,65.9375,286744800
3/10/2020,69.32216644,71.33499908,71.61000061,67.34249878,69.28500366,285290000
3/11/2020,66.91456604,68.85749817,70.30500031,67.96499634,69.34750366,255598800
3/12/2020,60.30644608,62.05749893,67.5,62,63.98500061,418474000
3/13/2020,67.53166199,69.49250031,69.98000336,63.23749924,66.22250366,370732000
3/16/2020,58.84392166,60.55250168,64.76999664,60,60.48749924,322423600
3/17/2020,61.43128204,63.21500015,64.40249634,59.59999847,61.87749863,324056000
3/18/2020,59.92744827,61.66749954,62.5,59.27999878,59.94250107,300233600
3/19/2020,59.46828842,61.19499969,63.20999908,60.65250015,61.84749985,271857200
3/20/2020,55.69290924,57.31000137,62.95750046,57,61.79499817,401693200
3/23/2020,54.50975418,56.09249878,57.125,53.15250015,57.02000046,336752800
3/24/2020,59.97847366,61.72000122,61.92250061,58.57500076,59.09000015,287531200
3/25/2020,59.64805222,61.38000107,64.5625,61.07500076,62.6875,303602000
3/26/2020,62.78692245,64.61000061,64.66999817,61.59000015,61.63000107,252087200
3/27/2020,60.187397,61.93500137,63.96749878,61.76250076,63.1875,204216800
3/30/2020,61.9050293,63.70249939,63.88000107,62.34999847,62.68500137,167976400
3/31/2020,61.77869034,63.57249832,65.62249756,63,63.90000153,197002000
4/1/2020,58.52807617,60.22750092,62.18000031,59.78250122,61.625,176218400
4/2/2020,59.50471878,61.23249817,61.28749847,59.22499847,60.08499908,165934000
4/3/2020,58.64955902,60.35250092,61.42499924,59.74250031,60.70000076,129880000
4/6/2020,63.76599884,65.61750031,65.77749634,62.34500122,62.72499847,201820400
4/7/2020,63.02744675,64.85749817,67.92500305,64.75,67.69999695,202887200
4/8/2020,64.64060974,66.51750183,66.84249878,65.30750275,65.68499756,168895200
4/9/2020,65.10704041,66.99749756,67.51750183,66.17500305,67.17500305,161834800
4/13/2020,66.38496399,68.3125,68.42500305,66.45749664,67.07749939,131022800
4/14/2020,69.73760223,71.76249695,72.0625,69.51249695,70,194994800
4/15/2020,69.10107422,71.10749817,71.58249664,70.15750122,70.59999847,131154400
4/16/2020,69.65015411,71.67250061,72.05000305,70.58750153,71.84500122,157125200
4/17/2020,68.7050705,70.69999695,71.73750305,69.21499634,71.17250061,215250000
4/20/2020,67.27899933,69.23249817,70.41999817,69.21250153,69.48750305,130015200
4/21/2020,65.19937134,67.09249878,69.3125,66.35749817,69.06999969,180991600
4/22/2020,67.0773468,69.02500153,69.47499847,68.05000305,68.40249634,116862400
4/23/2020,66.81741333,68.75749969,70.4375,68.71749878,68.96749878,124814400
4/24/2020,68.7463913,70.74250031,70.75250244,69.25,69.30000305,126161200
4/27/2020,68.79498291,70.79250336,71.13500214,69.98750305,70.44999695,117087600
4/28/2020,67.67985535,69.64499664,71.45749664,69.55000305,71.26999664,112004800
4/29/2020,69.90280151,71.93250275,72.41750336,70.97250366,71.18250275,137280800
4/30/2020,71.37746429,73.44999695,73.63249969,72.08750153,72.48999786,183064000
5/1/2020,70.22834778,72.26750183,74.75,71.46250153,71.5625,240616800
5/4/2020,71.22201538,73.29000092,73.42250061,71.58000183,72.29250336,133568000
5/5/2020,72.29098511,74.38999939,75.25,73.61499786,73.76499939,147751200
5/6/2020,73.03681183,75.15750122,75.80999756,74.71749878,75.11499786,142333600
5/7/2020,73.7923584,75.93499756,76.29250336,75.49250031,75.80500031,115215200
5/8/2020,75.54875946,77.53250122,77.58750153,76.07250214,76.41000366,133838400
5/11/2020,76.73754883,78.75250244,79.26249695,76.80999756,77.02500153,145946400
5/12/2020,75.86058807,77.85250092,79.92250061,77.72750092,79.45749664,162301200
5/13/2020,74.94458771,76.91249847,78.98750305,75.80249786,78.03749847,200622400
5/14/2020,75.4050293,77.38500214,77.44750214,75.38249969,76.12750244,158929200
5/15/2020,74.95922089,76.92749786,76.97499847,75.05249786,75.08750153,166348400
5/18/2020,76.72535706,78.73999786,79.125,77.58000183,78.29250336,135178400
5/19/2020,76.28199768,78.28500366,79.62999725,78.25250244,78.75749969,101729600
5/20/2020,77.76555634,79.80750275,79.87999725,79.12999725,79.16999817,111504800
5/21/2020,77.1857605,79.21250153,80.22250366,78.96749878,79.66500092,102688800
5/22/2020,77.68273163,79.72250366,79.80750275,78.83750153,78.94249725,81803200
5/26/2020,77.15653992,79.18250275,81.05999756,79.125,80.875,125522000
5/27/2020,77.4927063,79.52749634,79.67749786,78.27249908,79.03500366,112945200
5/28/2020,77.52680969,79.5625,80.86000061,78.90750122,79.19249725,133560800
5/29/2020,77.45128632,79.48500061,80.28749847,79.11750031,79.8125,153532400
6/1/2020,78.40378571,80.46250153,80.58750153,79.30249786,79.4375,80791200
6/2/2020,78.76676178,80.83499908,80.86000061,79.73249817,80.1875,87642800
6/3/2020,79.20035553,81.27999878,81.55000305,80.57499695,81.16500092,104491200
6/4/2020,78.51828766,80.58000183,81.40499878,80.19499969,81.09750366,87560400
6/5/2020,80.75455475,82.875,82.9375,80.80750275,80.83750153,137250400
6/8/2020,81.23202515,83.36499786,83.40000153,81.83000183,82.5625,95654400
6/9/2020,83.79715729,85.99749756,86.40249634,83.00250244,83.03500366,147712400
6/10/2020,85.95307159,88.20999908,88.69249725,86.52249908,86.97499847,166651600
6/11/2020,81.82640839,83.97499847,87.76499939,83.87000275,87.32749939,201662400
6/12/2020,82.5328598,84.69999695,86.94999695,83.55500031,86.18000031,200146000
6/15/2020,83.55355072,85.74749756,86.41999817,83.14499664,83.3125,138808800
6/16/2020,85.76792145,88.01999664,88.30000305,86.18000031,87.86499786,165428800
6/17/2020,85.64855957,87.89749908,88.84999847,87.77249908,88.78749847,114406400
6/18/2020,85.68266296,87.93250275,88.36250305,87.30500031,87.85250092,96820400
6/19/2020,85.19302368,87.43000031,89.13999939,86.28749847,88.66000366,264476000
6/22/2020,87.42199707,89.71749878,89.86499786,87.78749847,87.83499908,135445200
6/23/2020,89.28797913,91.63249969,93.09500122,90.56749725,91,212155600
6/24/2020,87.71186829,90.01499939,92.19750214,89.62999725,91.25,192623200
6/25/2020,88.87628937,91.20999908,91.25,89.39250183,90.17500305,137522400
6/26/2020,86.14551544,88.40750122,91.33000183,88.25499725,91.10250092,205256800
6/29/2020,88.13085938,90.44499969,90.54250336,87.81999969,88.3125,130646000
6/30/2020,88.86656952,91.19999695,91.49500275,90,90.01999664,140223200
7/1/2020,88.69847107,91.02749634,91.83999634,90.97750092,91.27999878,110737200
7/2/2020,88.69847107,91.02749634,92.61750031,90.91000366,91.96250153,114041600
7/6/2020,91.07116699,93.46250153,93.94499969,92.46749878,92.5,118655600
7/7/2020,90.78857422,93.17250061,94.65499878,93.05750275,93.85250092,112424400
7/8/2020,92.90305328,95.34249878,95.375,94.08999634,94.18000031,117092000
7/9/2020,93.30258179,95.75250244,96.31749725,94.67250061,96.26249695,125642800
7/10/2020,93.46579742,95.91999817,95.98000336,94.70500183,95.33499908,90257200
7/13/2020,93.03462219,95.47750092,99.95500183,95.25749969,97.26499939,191649200
7/14/2020,94.57419586,97.05750275,97.25499725,93.87750244,94.83999634,170989200
7/15/2020,95.22460938,97.72499847,99.24749756,96.48999786,98.98999786,153198000
7/16/2020,94.05287933,96.52249908,97.40499878,95.90499878,96.5625,110577600
7/17/2020,93.86286163,96.32749939,97.14749908,95.83999634,96.98750305,92186800
7/20/2020,95.84092712,98.35749817,98.5,96.0625,96.41750336,90318000
7/21/2020,94.51815796,97,99.25,96.74250031,99.17250061,103433200
7/22/2020,94.78369141,97.27249908,97.97499847,96.60250092,96.69249725,89001600
7/23/2020,90.46945953,92.84500122,97.07749939,92.01000214,96.99749756,197004400
7/24/2020,90.24533081,92.61499786,92.97000122,89.14499664,90.98750305,185438800
7/27/2020,92.38417816,94.80999756,94.90499878,93.48000336,93.70999908,121214000
7/28/2020,90.86654663,93.25250244,94.55000305,93.24749756,94.36750031,103625600
7/29/2020,92.60829926,95.04000092,95.23000336,93.71250153,93.75,90329200
7/30/2020,93.72888184,96.19000244,96.29750061,93.76750183,94.1875,158130000
7/31/2020,103.5412216,106.2600021,106.4150009,100.8249969,102.8850021,374336800
8/3/2020,106.1502304,108.9375,111.6374969,107.8925018,108.1999969,308151200
8/4/2020,106.8591156,109.6650009,110.7900009,108.3874969,109.1324997,173071600
8/5/2020,107.2464371,110.0625,110.3925018,108.8974991,109.3775024,121776800
8/6/2020,110.9881668,113.9024963,114.4124985,109.7975006,110.4049988,202428800
8/7/2020,108.4647827,111.1125031,113.6750031,110.2925034,113.2050018,198045600
8/10/2020,110.0412903,112.7275009,113.7750015,110,112.5999985,212403600
8/11/2020,106.7686844,109.375,112.4824982,109.1074982,111.9700012,187902400
8/12/2020,110.3170776,113.0100021,113.2750015,110.2975006,110.4974976,165598000
8/13/2020,112.2694168,115.0100021,116.0425034,113.9274979,114.4300003,210082000
8/14/2020,112.169342,114.9075012,115,113.0449982,114.8300018,165565200
8/17/2020,111.8765106,114.6074982,116.0875015,113.9625015,116.0625,119561600
8/18/2020,112.8087463,115.5625,116,114.0074997,114.3525009,105633600
8/19/2020,112.9502869,115.7074966,117.1624985,115.6100006,115.9824982,145538000
8/20/2020,115.4566116,118.2750015,118.3925018,115.7324982,115.75,126907200
8/21/2020,121.4063721,124.3700027,124.8675003,119.25,119.2624969,338054800
8/24/2020,122.8584213,125.8574982,128.7850037,123.9375,128.6974945,345937600
8/25/2020,121.8505325,124.8249969,125.1800003,123.0524979,124.6975021,211495600
8/26/2020,123.507576,126.5224991,126.9925003,125.0824966,126.1800003,163022400
8/27/2020,122.0311279,125.0100021,127.4850006,123.8324966,127.1425018,155552400
8/28/2020,121.8334503,124.8075027,126.4424973,124.5774994,126.0124969,187630000
8/31/2020,125.9650726,129.0399933,131,126,127.5800018,225702700
9/1/2020,130.9825897,134.1799927,134.8000031,130.5299988,132.7599945,151948100
9/2/2020,128.2688141,131.3999939,137.9799957,127,137.5899963,200119000
9/3/2020,117.9995117,120.8799973,128.8399963,120.5,126.9100037,257599600
9/4/2020,118.0776291,120.9599991,123.6999969,110.8899994,120.0699997,332607200
9/8/2020,110.1315765,112.8199997,118.9899979,112.6800003,113.9499969,231366600
9/9/2020,114.5243835,117.3199997,119.1399994,115.2600021,117.2600021,176940500
9/10/2020,110.7856293,113.4899979,120.5,112.5,120.3600006,182274400
9/11/2020,109.331131,112,115.2300034,110,114.5699997,180860300
9/14/2020,112.6110535,115.3600006,115.9300003,112.8000031,114.7200012,140150100
9/15/2020,112.7867813,115.5400009,118.8300018,113.6100006,118.3300018,184642000
9/16/2020,109.458046,112.1299973,116,112.0400009,115.2300034,154679000
9/17/2020,107.7106857,110.3399963,112.1999969,108.7099991,109.7200012,178011000
9/18/2020,104.2940903,106.8399963,110.8799973,106.0899963,110.4000015,287104900
9/21/2020,107.4568863,110.0800018,110.1900024,103.0999985,104.5400009,195713800
9/22/2020,109.145668,111.8099976,112.8600006,109.1600037,112.6800003,183055400
9/23/2020,104.5674057,107.1200027,112.1100006,106.7699966,111.6200027,150718700
9/24/2020,105.6412125,108.2200012,110.25,105,105.1699982,167743300
9/25/2020,109.6044388,112.2799988,112.4400024,107.6699982,108.4300003,149981400
9/28/2020,112.2206039,114.9599991,115.3199997,112.7799988,115.0100021,137672400
9/29/2020,111.3713379,114.0899963,115.3099976,113.5699997,114.5500031,99382200
9/30/2020,113.0503311,115.8099976,117.2600021,113.6200027,113.7900009,142675200
10/1/2020,114.0069962,116.7900009,117.7200012,115.8300018,117.6399994,116120400
10/2/2020,110.3268433,113.0199966,115.3700027,112.2200012,112.8899994,144712000
10/5/2020,113.7238922,116.5,116.6500015,113.5500031,113.9100037,106243800
10/6/2020,110.4634933,113.1600037,116.1200027,112.25,115.6999969,161498200
10/7/2020,112.3377457,115.0800018,115.5500031,114.1299973,114.6200027,96849000
10/8/2020,112.2303543,114.9700012,116.4000015,114.5899963,116.25,83477200
10/9/2020,114.1826935,116.9700012,117,114.9199982,115.2799988,100506900
10/12/2020,121.4356613,124.4000015,125.1800003,119.2799988,120.0599976,240226800
10/13/2020,118.2142715,121.0999985,125.3899994,119.6500015,125.2699966,262330500
10/14/2020,118.3021545,121.1900024,123.0299988,119.6200027,121,150712000
10/15/2020,117.8336029,120.7099991,121.1999969,118.1500015,118.7200012,112559200
10/16/2020,116.1838608,119.0199966,121.5500031,118.8099976,121.2799988,115393800
10/19/2020,113.2163086,115.9800034,120.4199982,115.6600037,119.9599991,120639300
10/20/2020,114.7098465,117.5100021,118.9800034,115.6299973,116.1999969,124423700
10/21/2020,114.0850906,116.8700027,118.7099991,116.4499969,116.6699982,89946000
10/22/2020,112.9917908,115.75,118.0400009,114.5899963,117.4499969,101988000
10/23/2020,112.2986908,115.0400009,116.5500031,114.2799988,116.3899994,82572600
10/26/2020,112.3084641,115.0500031,116.5500031,112.8799973,114.0100021,111850700
10/27/2020,113.8215408,116.5999985,117.2799988,114.5400009,115.4899979,92276800
10/28/2020,108.5502014,111.1999969,115.4300003,111.0999985,115.0500031,143937800
10/29/2020,112.5720139,115.3199997,116.9300003,112.1999969,112.3700027,146129200
10/30/2020,106.2659531,108.8600006,111.9899979,107.7200012,111.0599976,190272600
11/2/2020,106.1781082,108.7699966,110.6800003,107.3199997,109.1100006,122866900
11/3/2020,107.8082809,110.4400024,111.4899979,108.7300034,109.6600037,107624400
11/4/2020,112.2108459,114.9499969,115.5899963,112.3499985,114.1399994,138235500
11/5/2020,116.1936035,119.0299988,119.6200027,116.8700027,117.9499969,126387100
11/6/2020,116.061615,118.6900024,119.1999969,116.1299973,118.3199997,114457900
11/9/2020,113.7440948,116.3199997,121.9899979,116.0500031,120.5,154515300
11/10/2020,113.4018478,115.9700012,117.5899963,114.1299973,115.5500031,138023400
11/11/2020,116.843895,119.4899979,119.6299973,116.4400024,117.1900024,112295000
11/12/2020,116.5700836,119.2099991,120.5299988,118.5699997,119.6200027,103162300
11/13/2020,116.618988,119.2600021,119.6699982,117.8700027,119.4400024,81581900
11/16/2020,117.6359558,120.3000031,120.9899979,118.1500015,118.9199982,91183000
11/17/2020,116.746109,119.3899994,120.6699982,118.9599991,119.5500031,74271000
11/18/2020,115.4162216,118.0299988,119.8199997,118,118.6100006,76322100
11/19/2020,116.0127335,118.6399994,119.0599976,116.8099976,117.5899963,74113000
11/20/2020,114.7415009,117.3399963,118.7699966,117.2900009,118.6399994,73604300
11/23/2020,111.3287811,113.8499985,117.6200027,113.75,117.1800003,127959300
11/24/2020,112.6195679,115.1699982,115.8499985,112.5899963,113.9100037,113874200
11/25/2020,113.4605026,116.0299988,116.75,115.1699982,115.5500031,76499200
11/27/2020,114.00811,116.5899963,117.4899979,116.2200012,116.5699997,46691300
11/30/2020,116.4136276,119.0500031,120.9700012,116.8099976,116.9700012,169410200
12/1/2020,120.0023651,122.7200012,123.4700012,120.0100021,121.0100021,127728200
12/2/2020,120.3543854,123.0800018,123.3700027,120.8899994,122.0199966,89004200
12/3/2020,120.2174835,122.9400024,123.7799988,122.2099991,123.5199966,78967600
12/4/2020,119.5427704,122.25,122.8600006,121.5199966,122.5999985,78260400
12/7/2020,121.0095596,123.75,124.5699997,122.25,122.3099976,86712000
12/8/2020,121.6255951,124.3799973,124.9800034,123.0899963,124.3700027,82225500
12/9/2020,119.0831909,121.7799988,125.9499969,121,124.5299988,115089200
12/10/2020,120.5108414,123.2399979,123.8700027,120.1500015,120.5,81312200
12/11/2020,119.6992416,122.4100037,122.7600021,120.5500031,122.4300003,86939800
12/14/2020,119.0831909,121.7799988,123.3499985,121.5400009,122.5999985,79184500
12/15/2020,125.0480957,127.8799973,127.9000015,124.1299973,124.3399963,157243700
12/16/2020,124.97966,127.8099976,128.3699951,126.5599976,127.4100037,98208600
12/17/2020,125.8499146,128.6999969,129.5800018,128.0399933,128.8999939,94359800
12/18/2020,123.8551254,126.6600037,129.1000061,126.1200027,128.9600067,192541500
12/21/2020,125.3903427,128.2299957,128.3099976,123.4499969,125.0199966,121251600
12/22/2020,128.9595032,131.8800049,134.4100037,129.6499939,131.6100006,168904800
12/23/2020,128.0598907,130.9600067,132.4299927,130.7799988,132.1600037,88223700
12/24/2020,129.0475006,131.9700012,133.4600067,131.1000061,131.3200073,54930100
12/28/2020,133.6630096,136.6900024,137.3399963,133.5099945,133.9900055,124486200
12/29/2020,131.8833313,134.8699951,138.7899933,134.3399963,138.0500031,121047300
12/30/2020,130.7588043,133.7200012,135.9900055,133.3999939,135.5800018,96452100
12/31/2020,129.7515869,132.6900024,134.7400055,131.7200012,134.0800018,99116600
1/4/2021,126.54422,129.4100037,133.6100006,126.7600021,133.5200043,143301900
1/5/2021,128.1087646,131.0099945,131.7400055,128.4299927,128.8899994,97664900
1/6/2021,123.7964478,126.5999985,131.0500031,126.3799973,127.7200012,155088000
1/7/2021,128.0207672,130.9199982,131.6300049,127.8600006,128.3600006,109578200
1/8/2021,129.1257629,132.0500031,132.6300049,130.2299957,132.4299927,105158200
1/11/2021,126.1237335,128.9799957,130.1699982,128.5,129.1900024,100384500
1/12/2021,125.9477234,128.8000031,129.6900024,126.8600006,128.5,91951100
1/13/2021,127.9914246,130.8899994,131.4499969,128.4900055,128.7599945,88636800
1/14/2021,126.0552902,128.9100037,131,128.7599945,130.8000031,90221800
1/15/2021,124.3244934,127.1399994,130.2200012,127,128.7799988,111598500
1/19/2021,124.9992142,127.8300018,128.7100067,126.9400024,127.7799988,90757300
1/20/2021,129.1061554,132.0299988,132.4900055,128.5500031,128.6600037,104319500
1/21/2021,133.8390198,136.8699951,139.6699982,133.5899963,133.8000031,120150900
1/22/2021,135.9902954,139.0700073,139.8500061,135.0200043,136.2799988,114459400
1/25/2021,139.7550354,142.9199982,145.0899963,136.5399933,143.0700073,157611700
1/26/2021,139.9897308,143.1600037,144.3000031,141.3699951,143.6000061,98390600
1/27/2021,138.9140625,142.0599976,144.3000031,140.4100037,143.4299927,140843800
1/28/2021,134.0541534,137.0899963,141.9900055,136.6999969,139.5200043,142621100
1/29/2021,129.0377197,131.9600067,136.7400055,130.2100067,135.8300018,177523800
2/1/2021,131.1694946,134.1399994,135.3800049,130.9299927,133.75,106239800
2/2/2021,132.0006866,134.9900055,136.3099976,134.6100006,135.7299957,83305400
2/3/2021,130.9738922,133.9400024,135.7700043,133.6100006,135.7599945,89880900
2/4/2021,134.3475037,137.3899994,137.3999939,134.5899963,136.3000031,84183100
2/5/2021,133.9312744,136.7599945,137.4199982,135.8600006,137.3500061,75693800
2/8/2021,134.0782013,136.9100037,136.9600067,134.9199982,136.0299988,71297200
2/9/2021,133.1967773,136.0099945,137.8800049,135.8500061,136.6199951,76774200
2/10/2021,132.5896149,135.3899994,136.9900055,134.3999939,136.4799957,73046600
2/11/2021,132.3350067,135.1300049,136.3899994,133.7700043,135.8999939,64280000
2/12/2021,132.5700378,135.3699951,135.5299988,133.6900024,134.3500061,60145100
2/16/2021,130.4351196,133.1900024,136.0099945,132.7899933,135.4900055,80576300
2/17/2021,128.1337585,130.8399963,132.2200012,129.4700012,131.25,97918500
2/18/2021,127.0271225,129.7100067,130,127.4100037,129.1999969,96856700
2/19/2021,127.1837769,129.8699951,130.7100067,128.8000031,130.2400055,87668800
2/22/2021,123.3938522,126,129.7200012,125.5999985,128.0099945,103916400
2/23/2021,123.2567368,125.8600006,126.7099991,118.3899994,123.7600021,158273000
2/24/2021,122.7572937,125.3499985,125.5599976,122.2300034,124.9400024,111039900
2/25/2021,118.4874573,120.9899979,126.4599991,120.5400009,124.6800003,148199500
2/26/2021,118.7518768,121.2600021,124.8499985,121.1999969,122.5899963,164560400
3/1/2021,125.1468201,127.7900009,127.9300003,122.7900009,123.75,116307900
3/2/2021,122.5320435,125.1200027,128.7200012,125.0100021,128.4100037,102260900
3/3/2021,119.5353394,122.0599976,125.7099991,121.8399963,124.8099976,112966300
3/4/2021,117.6452484,120.1299973,123.5999985,118.6200027,121.75,178155000
3/5/2021,118.9085846,121.4199982,121.9400024,117.5699997,120.9800034,153766600
3/8/2021,113.9532318,116.3600006,121,116.2099991,120.9300003,154376600
3/9/2021,118.5853958,121.0899963,122.0599976,118.7900009,119.0299988,129525800
3/10/2021,117.4983521,119.9800034,122.1699982,119.4499969,121.6900024,111943300
3/11/2021,119.4374161,121.9599991,123.2099991,121.2600021,122.5400009,103026500
3/12/2021,118.5266342,121.0299988,121.1699982,119.1600037,120.4000015,88105100
3/15/2021,121.425415,123.9899979,124,120.4199982,121.4100037,92403800
3/16/2021,122.9727478,125.5699997,127.2200012,124.7200012,125.6999969,115227900
3/17/2021,122.1794968,124.7600021,125.8600006,122.3399963,124.0500031,111932600
3/18/2021,118.0370026,120.5299988,123.1800003,120.3199997,122.8799973,121229700
3/19/2021,117.5081558,119.9899979,121.4300003,119.6800003,119.9000015,185549500
3/22/2021,120.837822,123.3899994,123.8700027,120.2600021,120.3300018,111912300
3/23/2021,120.005394,122.5400009,124.2399979,122.1399994,123.3300018,95467100
3/24/2021,117.6060791,120.0899963,122.9000015,120.0699997,122.8199997,88530500
3/25/2021,118.0957336,120.5899963,121.6600037,119,119.5400009,98844700
3/26/2021,118.7029114,121.2099991,121.4800034,118.9199982,120.3499985,94071200
3/29/2021,118.8792038,121.3899994,122.5800018,120.7300034,121.6500015,80819200
3/30/2021,117.4200287,119.9000015,120.4000015,118.8600006,120.1100006,85671900
3/31/2021,119.6234741,122.1500015,123.5199966,121.1500015,121.6500015,118323800
4/1/2021,120.4558945,123,124.1800003,122.4899979,123.6600037,75089100
4/5/2021,123.2959213,125.9000015,126.1600037,123.0699997,123.8700027,88651200
4/6/2021,123.5995102,126.2099991,127.1299973,125.6500015,126.5,80171300
4/7/2021,125.2545547,127.9000015,127.9199982,125.1399994,125.8300018,83466700
4/8/2021,127.6636505,130.3600006,130.3899994,128.5200043,128.9499969,88844600
4/9/2021,130.249054,133,133.0399933,129.4700012,129.8000031,106686700
4/12/2021,128.5254822,131.2400055,132.8500061,130.6300049,132.5200043,91420000
4/13/2021,131.6494598,134.4299927,134.6600037,131.9299927,132.4400024,91266500
4/14/2021,129.2990723,132.0299988,135,131.6600037,134.9400024,87222800
4/15/2021,131.7179871,134.5,135,133.6399994,133.8200073,89347100
4/16/2021,131.3851013,134.1600037,134.6699982,133.2799988,134.3000031,84922400
4/19/2021,132.0509949,134.8399963,135.4700012,133.3399963,133.5099945,94264200
4/20/2021,130.356781,133.1100006,135.5299988,131.8099976,135.0200043,94812300
4/21/2021,130.7387238,133.5,133.75,131.3000031,132.3600006,68847100
4/22/2021,129.2109833,131.9400024,134.1499939,131.4100037,133.0399933,84566500
4/23/2021,131.541748,134.3200073,135.1199951,132.1600037,132.1600037,78657500
4/26/2021,131.9334717,134.7200012,135.0599976,133.5599976,134.8300018,66905100
4/27/2021,131.6103516,134.3899994,135.4100037,134.1100006,135.0099945,66015800
4/28/2021,130.8170471,133.5800018,135.0200043,133.0800018,134.3099976,107760100
4/29/2021,130.7191315,133.4799957,137.0700073,132.4499969,136.4700012,151101000
4/30/2021,128.740921,131.4600067,133.5599976,131.0700073,131.7799988,109839500
5/3/2021,129.7985687,132.5399933,134.0700073,131.8300018,132.0399933,75135100
5/4/2021,125.2055817,127.8499985,131.4900055,126.6999969,131.1900024,137564700
5/5/2021,125.4504166,128.1000061,130.4499969,127.9700012,129.1999969,84000900
5/6/2021,127.0564804,129.7400055,129.75,127.1299973,127.8899994,78128300
5/7/2021,127.7333603,130.2100067,131.2599945,129.4799957,130.8500061,78973300
5/10/2021,124.4372787,126.8499985,129.5399933,126.8099976,129.4100037,88071200
5/11/2021,123.515152,125.9100037,126.2699966,122.7699966,123.5,126142800
5/12/2021,120.4348831,122.7699966,124.6399994,122.25,123.4000015,112172300
5/13/2021,122.5930405,124.9700012,126.1500015,124.2600021,124.5800018,105861300
5/14/2021,125.0258484,127.4499969,127.8899994,125.8499985,126.25,81918000
5/17/2021,123.8682938,126.2699966,126.9300003,125.1699982,126.8199997,74244600
5/18/2021,122.4753113,124.8499985,126.9899979,124.7799988,126.5599976,63342900
5/19/2021,122.318367,124.6900024,124.9199982,122.8600006,123.1600037,92612000
5/20/2021,124.8885193,127.3099976,127.7200012,125.0999985,125.2300034,76857100
5/21/2021,123.0442886,125.4300003,128,125.2099991,127.8199997,79295400
5/24/2021,124.682518,127.0999985,127.9400024,125.9400024,126.0100021,63092900
5/25/2021,124.4863205,126.9000015,128.3200073,126.3199997,127.8199997,72009500
5/26/2021,124.4372787,126.8499985,127.3899994,126.4199982,126.9599991,56575900
5/27/2021,122.8971329,125.2799988,127.6399994,125.0800018,126.4400024,94625600
5/28/2021,122.2398758,124.6100006,125.8000031,124.5500031,125.5699997,71311100
6/1/2021,121.9161453,124.2799988,125.3499985,123.9400024,125.0800018,67637100
6/2/2021,122.6813049,125.0599976,125.2399979,124.0500031,124.2799988,59278900
6/3/2021,121.1902237,123.5400009,124.8499985,123.1299973,124.6800003,76229200
6/4/2021,123.4955368,125.8899994,126.1600037,123.8499985,124.0699997,75169300
6/7/2021,123.5053482,125.9000015,126.3199997,124.8300018,126.1699982,71057600
6/8/2021,124.3293686,126.7399979,128.4600067,126.2099991,126.5999985,74403800
6/9/2021,124.7119293,127.1299973,127.75,126.5199966,127.2099991,56877900
6/10/2021,123.7113571,126.1100006,128.1900024,125.9400024,127.0199966,71186400
6/11/2021,124.9277573,127.3499985,127.4400024,126.0999985,126.5299988,53522400
6/14/2021,127.9982224,130.4799957,130.5399933,127.0699997,127.8199997,96906500
6/15/2021,127.1742096,129.6399994,130.6000061,129.3899994,129.9400024,62746300
6/16/2021,127.6744995,130.1499939,130.8899994,128.4600067,130.3699951,91815000
6/17/2021,129.2833405,131.7899933,132.5500031,129.6499939,129.8000031,96721700
6/18/2021,127.9785919,130.4600067,131.5099945,130.2400055,130.7100067,108953300
6/21/2021,129.7835693,132.3000031,132.4100037,129.2100067,130.3000031,79663300
6/22/2021,131.4316406,133.9799957,134.0800018,131.6199951,132.1300049,74783600
6/23/2021,131.1569977,133.6999969,134.3200073,133.2299957,133.7700043,60214200
6/24/2021,130.8724976,133.4100037,134.6399994,132.9299927,134.4499969,68711000
6/25/2021,130.578186,133.1100006,133.8899994,132.8099976,133.4600067,70783700
6/28/2021,132.2164001,134.7799988,135.25,133.3500061,133.4100037,62111300
6/29/2021,133.7369537,136.3300018,136.4900055,134.3500061,134.8000031,64556100
6/30/2021,134.355011,136.9600067,137.4100037,135.8699951,136.1699982,63261400
7/1/2021,134.6590881,137.2700043,137.3300018,135.7599945,136.6000061,52485800
7/2/2021,137.2978973,139.9600067,140,137.75,137.8999939,78852600
7/6/2021,139.3187408,142.0200043,143.1499939,140.0700073,140.0700073,108181800
7/7/2021,141.8202209,144.5700073,144.8899994,142.6600037,143.5399933,104911600
7/8/2021,140.5155487,143.2400055,144.0599976,140.6699982,141.5800018,105575500
7/9/2021,142.3499603,145.1100006,145.6499939,142.6499939,142.75,99890800
7/12/2021,141.7515564,144.5,146.3200073,144,146.2100067,76299700
7/13/2021,142.869873,145.6399994,147.4600067,143.6300049,144.0299988,100827100
7/14/2021,146.3131104,149.1499939,149.5700073,147.6799927,148.1000061,127050800
7/15/2021,145.6558685,148.4799957,150,147.0899963,149.2400055,106820300
7/16/2021,143.6056061,146.3899994,149.7599945,145.8800049,148.4600067,93251400
7/19/2021,139.7405396,142.4499969,144.0700073,141.6699982,143.75,121434600
7/20/2021,143.3701782,146.1499939,147.1000061,142.9600067,143.4600067,96350000
7/21/2021,142.6344299,145.3999939,146.1300049,144.6300049,145.5299988,74993500
7/22/2021,144.0078125,146.8000031,148.1999969,145.8099976,145.9400024,77338200
7/23/2021,145.7343292,148.5599976,148.7200012,146.9199982,147.5500031,71447400
7/26/2021,146.1561432,148.9900055,149.8300018,147.6999969,148.2700043,72434100
7/27/2021,143.978363,146.7700043,149.2100067,145.5500031,149.1199951,104818600
7/28/2021,142.2224426,144.9799957,146.9700012,142.5399933,144.8099976,118931200
7/29/2021,142.869873,145.6399994,146.5500031,144.5800018,144.6900024,56699500
7/30/2021,143.0856934,145.8600006,146.3300018,144.1100006,144.3800049,70440600
8/2/2021,142.752182,145.5200043,146.9499969,145.25,146.3600006,62880000
8/3/2021,144.5571594,147.3600006,148.0399933,145.1799927,145.8099976,64786600
8/4/2021,144.1549683,146.9499969,147.7899933,146.2799988,147.2700043,56368300
8/5/2021,144.2628632,147.0599976,147.8399963,146.1699982,146.9799957,46397700
8/6/2021,143.5751648,146.1399994,147.1100006,145.6300049,146.3500061,54126800
8/9/2021,143.5260315,146.0899963,146.6999969,145.5200043,146.1999969,48908700
8/10/2021,143.0446472,145.6000061,147.7100067,145.3000031,146.4400024,69023100
8/11/2021,143.3000641,145.8600006,146.7200012,145.5299988,146.0500031,48493500
8/12/2021,146.276886,148.8899994,149.0500031,145.8399963,146.1900024,72282600
8/13/2021,146.4832001,149.1000061,149.4400024,148.2700043,148.9700012,59375000
8/16/2021,148.4677734,151.1199951,151.1900024,146.4700012,148.5399933,103296000
8/17/2021,147.5541229,150.1900024,151.6799927,149.0899963,150.2299957,92229700
8/18/2021,143.7913055,146.3600006,150.7200012,146.1499939,149.8000031,86326000
8/19/2021,144.1253357,146.6999969,148,144.5,145.0299988,86960300
8/20/2021,145.5891876,148.1900024,148.5,146.7799988,147.4400024,60549600
8/23/2021,147.0825043,149.7100067,150.1900024,147.8899994,148.3099976,60131800
8/24/2021,146.9940796,149.6199951,150.8600006,149.1499939,149.4499969,48606400
8/25/2021,145.7561798,148.3600006,150.3200073,147.8000031,149.8099976,58991300
8/26/2021,144.950592,147.5399933,149.1199951,147.5099945,148.3500061,48597200
8/27/2021,145.9919891,148.6000061,148.75,146.8300018,147.4799957,55802400
8/30/2021,150.432663,153.1199951,153.4900055,148.6100006,149,90956700
8/31/2021,149.1652985,151.8300018,152.8000031,151.2899933,152.6600037,86453100
9/1/2021,149.8333282,152.5099945,154.9799957,152.3399963,152.8300018,80313700
9/2/2021,150.9533539,153.6499939,154.7200012,152.3999939,153.8699951,71115500
9/3/2021,151.5919342,154.3000031,154.6300049,153.0899963,153.7599945,57808700
9/7/2021,153.9400024,156.6900024,157.2599945,154.3899994,154.9700012,82278300
9/8/2021,152.3877258,155.1100006,157.0399933,153.9799957,156.9799957,74420200
9/9/2021,151.3659821,154.0700073,156.1100006,153.9499969,155.4900055,57305700
9/10/2021,146.3555145,148.9700012,155.4799957,148.6999969,155,140893200
9/13/2021,146.9253387,149.5500031,151.4199982,148.75,150.6300049,102404300
9/14/2021,145.520401,148.1199951,151.0700073,146.9100037,150.3500061,109296300
9/15/2021,146.414444,149.0299988,149.4400024,146.3699951,148.5599976,83281300
9/16/2021,146.1786346,148.7899933,148.9700012,147.2200012,148.4400024,68034100
9/17/2021,143.4965363,146.0599976,148.8200073,145.7599945,148.8200073,129868800
9/20/2021,140.4313354,142.9400024,144.8399963,141.2700043,143.8000031,123478900
9/21/2021,140.9127045,143.4299927,144.6000061,142.7799988,143.9299927,75834000
9/22/2021,143.2902679,145.8500061,146.4299927,143.6999969,144.4499969,76404300
9/23/2021,144.2530518,146.8300018,147.0800018,145.6399994,146.6499939,64838200
9/24/2021,144.3414764,146.9199982,147.4700012,145.5599976,145.6600037,53477900
9/27/2021,142.8186798,145.3699951,145.9600067,143.8200073,145.4700012,74150700
9/28/2021,139.4193878,141.9100037,144.75,141.6900024,143.25,108972300
9/29/2021,140.323288,142.8300018,144.4499969,142.0299988,142.4700012,74602000
9/30/2021,139.0166016,141.5,144.3800049,141.2799988,143.6600037,89056700
10/1/2021,140.1464081,142.6499939,142.9199982,139.1100006,141.8999939,94639600
10/4/2021,136.697998,139.1399994,142.2100067,138.2700043,141.7599945,98322000
10/5/2021,138.6334534,141.1100006,142.2400055,139.3600006,139.4900055,80861100
10/6/2021,139.5078125,142,142.1499939,138.3699951,139.4700012,83221100
10/7/2021,140.7752075,143.2899933,144.2200012,142.7200012,143.0599976,61732700
10/8/2021,140.3920441,142.8999939,144.1799927,142.5599976,144.0299988,58773200
10/11/2021,140.3035889,142.8099976,144.8099976,141.8099976,142.2700043,64452200
10/12/2021,139.026413,141.5099945,143.25,141.0399933,143.2299957,73035900
10/13/2021,138.4369507,140.9100037,141.3999939,139.1999969,141.2400055,78762700
10/14/2021,141.2369385,143.7599945,143.8800049,141.5099945,142.1100006,69907100
10/15/2021,142.2979736,144.8399963,144.8999939,143.5099945,143.7700043,67940300
10/18/2021,143.977951,146.5500031,146.8399963,143.1600037,143.4499969,85589200
10/19/2021,146.1491852,148.7599945,149.1699982,146.5500031,147.0099945,76378900
10/20/2021,146.6404266,149.2599945,149.75,148.1199951,148.6999969,58418800
10/21/2021,146.8565216,149.4799957,149.6399994,147.8699951,148.8099976,61421000
10/22/2021,146.0804138,148.6900024,150.1799927,148.6399994,149.6900024,58883400
10/25/2021,146.03125,148.6399994,149.3699951,147.6199951,148.6799927,50720600
10/26/2021,146.6993408,149.3200073,150.8399963,149.0099945,149.3300018,60893400
10/27/2021,146.2376251,148.8500061,149.7299957,148.4900055,149.3600006,56094900
10/28/2021,149.892334,152.5700073,153.1699982,149.7200012,149.8200073,100077900
10/29/2021,147.1709442,149.8000031,149.9400024,146.4100037,147.2200012,124953200
11/1/2021,146.3456726,148.9600067,149.6999969,147.8000031,148.9900055,74588300
11/2/2021,147.3870697,150.0200043,151.5700073,148.6499939,148.6600037,69122000
11/3/2021,148.8312836,151.4900055,151.9700012,149.8200073,150.3899994,54511500
11/4/2021,148.3105774,150.9600067,152.4299927,150.6399994,151.5800018,60394600
11/5/2021,148.8418579,151.2799988,152.1999969,150.0599976,151.8899994,65463900
11/8/2021,148.0154114,150.4400024,151.5700073,150.1600037,151.4100037,55020900
11/9/2021,148.3794403,150.8099976,151.4299927,150.0599976,150.1999969,56787900
11/10/2021,145.5360107,147.9199982,150.1300049,147.8500061,150.0200043,65187100
11/11/2021,145.4868317,147.8699951,149.4299927,147.6799927,148.9600067,41000000
11/12/2021,147.5726624,149.9900055,150.3999939,147.4799957,148.4299927,63804000
11/15/2021,147.5825043,150,151.8800049,149.4299927,150.3699951,59222800
11/16/2021,148.5663452,151,151.4900055,149.3399963,149.9400024,59256200
11/17/2021,151.0162506,153.4900055,155,150.9900055,151,88807000
11/18/2021,155.3256378,157.8699951,158.6699982,153.0500031,153.7100067,137827700
11/19/2021,157.9624634,160.5500031,161.0200043,156.5299988,157.6499939,117305600
11/22/2021,158.4248962,161.0200043,165.6999969,161,161.6799927,117467900
11/23/2021,158.8085938,161.4100037,161.8000031,159.0599976,161.1199951,96041900
11/24/2021,159.3300476,161.9400024,162.1399994,159.6399994,160.75,69463600
11/26/2021,154.2827301,156.8099976,160.4499969,156.3600006,159.5700073,76959800
11/29/2021,157.6574707,160.2400055,161.1900024,158.7899933,159.3699951,88748200
11/30/2021,162.6358948,165.3000031,165.5200043,159.9199982,159.9900055,174048100
12/1/2021,162.1144409,164.7700043,170.3000031,164.5299988,167.4799957,152052500
12/2/2021,161.1207275,163.7599945,164.1999969,157.8000031,158.7400055,136739200
12/3/2021,159.2316437,161.8399963,164.9600067,159.7200012,164.0200043,118023100
12/6/2021,162.6555786,165.3200073,167.8800049,164.2799988,164.2899933,107497000
12/7/2021,168.4211121,171.1799927,171.5800018,168.3399963,169.0800018,120405400
12/8/2021,172.2582855,175.0800018,175.9600067,170.6999969,172.1300049,116998900
12/9/2021,171.7466431,174.5599976,176.75,173.9199982,174.9100037,108923700
12/10/2021,176.5578613,179.4499969,179.6300049,174.6900024,175.2100067,115402700
12/13/2021,172.9076385,175.7400055,182.1300049,175.5299988,181.1199951,153237000
12/14/2021,171.5203552,174.3300018,177.7400055,172.2100067,175.25,139380400
12/15/2021,176.4102631,179.3000031,179.5,172.3099976,175.1100006,131063300
12/16/2021,169.4837341,172.2599945,181.1399994,170.75,179.2799988,150185800
12/17/2021,168.3817902,171.1399994,173.4700012,169.6900024,169.9299927,195432700
12/20/2021,167.0141602,169.75,170.5800018,167.4600067,168.2799988,107499100
12/21/2021,170.2019501,172.9900055,173.1999969,169.1199951,171.5599976,91185900
12/22/2021,172.8092651,175.6399994,175.8600006,172.1499939,173.0399933,92135300
12/23/2021,173.4389648,176.2799988,176.8500061,175.2700043,175.8500061,68356600
12/27/2021,177.4236755,180.3300018,180.4199982,177.0700073,177.0899963,74919600
12/28/2021,176.4004059,179.2899933,181.3300018,178.5299988,180.1600037,79144300
12/29/2021,176.4890137,179.3800049,180.6300049,178.1399994,179.3300018,62348900
12/30/2021,175.3279877,178.1999969,180.5700073,178.0899963,179.4700012,59773000
12/31/2021,174.7081451,177.5700073,179.2299957,177.2599945,178.0899963,64062300
1/3/2022,179.0765686,182.0099945,182.8800049,177.7100067,177.8300018,104487900
1/4/2022,176.8038177,179.6999969,182.9400024,179.1199951,182.6300049,99310400
1/5/2022,172.1008453,174.9199982,180.1699982,174.6399994,179.6100006,94537600
1/6/2022,169.2279205,172,175.3000031,171.6399994,172.6999969,96904000
1/7/2022,169.3951721,172.1699982,174.1399994,171.0299988,172.8899994,86709100
1/10/2022,169.4148407,172.1900024,172.5,168.1699982,169.0800018,106765600
1/11/2022,172.2582855,175.0800018,175.1799927,170.8200073,172.3200073,76138300
1/12/2022,172.7010345,175.5299988,177.1799927,174.8200073,176.1199951,74805200
1/13/2022,169.4148407,172.1900024,176.6199951,171.7899933,175.7799988,84505800
1/14/2022,170.2806854,173.0700073,173.7799988,171.0899963,171.3399963,80440800
1/18/2022,167.0633698,169.8000031,172.5399933,169.4100037,171.5099945,90956700
1/19/2022,163.5509491,166.2299957,171.0800018,165.9400024,170,94815000
1/20/2022,161.8586426,164.5099945,169.6799927,164.1799927,166.9799957,91420500
1/21/2022,159.792511,162.4100037,166.3300018,162.3000031,164.4199982,122848900
1/24/2022,159.015213,161.6199951,162.3000031,154.6999969,160.0200043,162294600
1/25/2022,157.204895,159.7799988,162.7599945,157.0200043,158.9799957,115798400
1/26/2022,157.1162872,159.6900024,164.3899994,157.8200073,163.5,108275300
1/27/2022,156.6539001,159.2200012,163.8399963,158.2799988,162.4499969,121954600
1/28/2022,167.5848236,170.3300018,170.3500061,162.8000031,165.7100067,179935700
1/31/2022,171.9631042,174.7799988,175,169.5099945,170.1600037,115541600
2/1/2022,171.7958527,174.6100006,174.8399963,172.3099976,174.0099945,86213900
2/2/2022,173.0060272,175.8399963,175.8800049,173.3300018,174.75,84914300
2/3/2022,170.1133881,172.8999939,176.2400055,172.1199951,174.4799957,89418100
2/4/2022,169.827713,172.3899994,174.1000061,170.6799927,171.6799927,82465400
2/7/2022,169.1085815,171.6600037,173.9499969,170.9499969,172.8600006,77251200
2/8/2022,172.2314758,174.8300018,175.3500061,171.4299927,171.7299957,74829200
2/9/2022,173.6599274,176.2799988,176.6499939,174.8999939,176.0500031,71285000
2/10/2022,169.5617371,172.1199951,175.4799957,171.5500031,174.1399994,90865900
2/11/2022,166.1334686,168.6399994,173.0800018,168.0399933,172.3300018,98670700
2/14/2022,166.3699188,168.8800049,169.5800018,166.5599976,167.3699951,86185500
2/15/2022,170.2217865,172.7899933,172.9499969,170.25,170.9700012,62527400
2/16/2022,169.9853668,172.5500031,173.3399963,170.0500031,171.8500061,61177400
2/17/2022,166.3699188,168.8800049,171.9100037,168.4700012,171.0299988,69589300
2/18/2022,164.813385,167.3000031,170.5399933,166.1900024,169.8200073,82772700
2/22/2022,161.8776703,164.3200073,166.6900024,162.1499939,164.9799957,91162800
2/23/2022,157.6908722,160.0700073,166.1499939,159.75,165.5399933,90009200
2/24/2022,160.3211517,162.7400055,162.8500061,152,152.5800018,141147500
2/25/2022,162.3998108,164.8500061,165.1199951,160.8699951,163.8399963,91974200
2/28/2022,162.6657562,165.1199951,165.4199982,162.4299927,163.0599976,95056600
3/1/2022,160.7743378,163.1999969,166.6000061,161.9700012,164.6999969,83474400
3/2/2022,164.0843658,166.5599976,167.3600006,162.9499969,164.3899994,79724800
3/3/2022,163.7593231,166.2299957,168.9100037,165.5500031,168.4700012,76678400
3/4/2022,160.7447662,163.1699982,165.5500031,162.1000061,164.4900055,83737200
3/7/2022,156.932312,159.3000031,165.0200043,159.0399933,163.3600006,96418800
3/8/2022,155.0999451,157.4400024,162.8800049,155.8000031,158.8200073,131148300
3/9/2022,160.5280151,162.9499969,163.4100037,159.4100037,161.4799957,91454900
3/10/2022,156.1638794,158.5200043,160.3899994,155.9799957,160.1999969,105342000
3/11/2022,152.4302216,154.7299957,159.2799988,154.5,158.9299927,96970100
3/14/2022,148.3813477,150.6199951,154.1199951,150.1000061,151.4499969,108732100
3/15/2022,152.7848511,155.0899963,155.5700073,150.3800049,150.8999939,92964300
3/16/2022,157.2179565,159.5899963,160,154.4600067,157.0500031,102300200
3/17/2022,158.2326355,160.6199951,161,157.6300049,158.6100006,75615400
3/18/2022,161.5427399,163.9799957,164.4799957,159.7599945,160.5099945,123511700
3/21/2022,162.921936,165.3800049,166.3500061,163.0099945,163.5099945,95811400
3/22/2022,166.310791,168.8200073,169.4199982,164.9100037,165.5099945,81532000
3/23/2022,167.6801147,170.2100067,172.6399994,167.6499939,167.9900055,98062700
3/24/2022,171.4827881,174.0700073,174.1399994,170.2100067,171.0599976,90131400
3/25/2022,172.1230927,174.7200012,175.2799988,172.75,173.8800049,80546200
3/28/2022,172.9900513,175.6000061,175.7299957,172,172.1699982,90371900
3/29/2022,176.3001099,178.9600067,179.0099945,176.3399963,176.6900024,100589400
3/30/2022,175.1277771,177.7700043,179.6100006,176.6999969,178.5500031,92633200
3/31/2022,172.01474,174.6100006,178.0299988,174.3999939,177.8399963,103049300
4/1/2022,171.7191925,174.3099976,174.8800049,171.9400024,174.0299988,78751300
4/4/2022,175.7878113,178.4400024,178.4900055,174.4400024,174.5700073,76468400
4/5/2022,172.4580231,175.0599976,178.3000031,174.4199982,177.5,73401800
4/6/2022,169.276062,171.8300018,173.6300049,170.1300049,172.3600006,89058800
4/7/2022,169.5814056,172.1399994,173.3600006,169.8500061,171.1600037,77594700
4/8/2022,167.5619049,170.0899963,171.7799988,169.1999969,171.7799988,76575500
4/11/2022,163.2864227,165.75,169.0299988,165.5,168.7100067,72246700
4/12/2022,165.168045,167.6600037,169.8699951,166.6399994,168.0200043,79265200
4/13/2022,167.8673096,170.3999939,171.0399933,166.7700043,167.3899994,70618900
4/14/2022,162.8332672,165.2899933,171.2700043,165.0399933,170.6199951,75329400
4/18/2022,162.6165466,165.0700073,166.6000061,163.5700073,163.9199982,69023900
4/19/2022,164.9118958,167.3999939,167.8200073,163.9100037,165.0200043,67723800
4/20/2022,164.7444,167.2299957,168.8800049,166.1000061,168.7599945,67929800
4/21/2022,163.9464569,166.4199982,171.5299988,165.9100037,168.9100037,87227800
4/22/2022,159.3852692,161.7899933,167.8699951,161.5,166.4600067,84882400
4/25/2022,160.4590759,162.8800049,163.1699982,158.4600067,161.1199951,96046400
4/26/2022,154.4694672,156.8000031,162.3399963,156.7200012,162.25,95623200
4/27/2022,154.2428894,156.5700073,159.7899933,155.3800049,155.9100037,88063200
4/28/2022,161.2077789,163.6399994,164.5200043,158.9299927,159.25,130216800
4/29/2022,155.3068085,157.6499939,166.1999969,157.25,161.8399963,131747600
5/2/2022,155.6122284,157.9600067,158.2299957,153.2700043,156.7100067,123055300
5/3/2022,157.1096039,159.4799957,160.7100067,156.3200073,158.1499939,88966500
5/4/2022,163.5524445,166.0200043,166.4799957,159.2599945,159.6699982,108256500
5/5/2022,154.4398651,156.7700043,164.0800018,154.9499969,163.8500061,130525300
5/6/2022,155.1699677,157.2799988,159.4400024,154.1799927,156.0099945,116124600
5/9/2022,150.0199738,152.0599976,155.8300018,151.4900055,154.9299927,131577900
5/10/2022,152.4371338,154.5099945,156.7400055,152.9299927,155.5200043,115366700
5/11/2022,144.5345764,146.5,155.4499969,145.8099976,153.5,142689800
5/12/2022,140.6474304,142.5599976,146.1999969,138.8000031,142.7700043,182602000
5/13/2022,145.1364136,147.1100006,148.1000061,143.1100006,144.5899963,113990900
5/16/2022,143.5874634,145.5399933,147.5200043,144.1799927,145.5500031,86643800
5/17/2022,147.237854,149.2400055,149.7700043,146.6799927,148.8600006,78336300
5/18/2022,138.9308014,140.8200073,147.3600006,139.8999939,146.8500061,109742900
5/19/2022,135.5073395,137.3500061,141.6600037,136.6000061,139.8800049,136095600
5/20/2022,135.7441406,137.5899963,140.6999969,132.6100006,139.0899963,137426100
5/23/2022,141.1900635,143.1100006,143.2599945,137.6499939,137.7899933,117726300
5/24/2022,138.4769592,140.3600006,141.9700012,137.3300018,140.8099976,104132700
5/25/2022,138.6348267,140.5200043,141.7899933,138.3399963,138.4299927,92482700
5/26/2022,141.851059,143.7799988,144.3399963,137.1399994,137.3899994,90601500
5/27/2022,147.6324768,149.6399994,149.6799927,145.2599945,145.3899994,90978500
5/31/2022,146.8432007,148.8399963,150.6600037,146.8399963,149.0700073,103718400
6/1/2022,146.7149353,148.7100067,151.7400055,147.6799927,149.8999939,74286600
6/2/2022,149.1814117,151.2100067,151.2700043,146.8600006,147.8300018,72348100
6/3/2022,143.4296112,145.3800049,147.9700012,144.4600067,146.8999939,88570300
6/6/2022,144.1794128,146.1399994,148.5700073,144.8999939,147.0299988,71598400
6/7/2022,146.7149353,148.7100067,149,144.1000061,144.3500061,67808200
6/8/2022,145.9750061,147.9600067,149.8699951,147.4600067,148.5800018,53950200
6/9/2022,140.7263947,142.6399994,147.9499969,142.5299988,147.0800018,69473000
6/10/2022,135.2902832,137.1300049,140.7599945,137.0599976,140.2799988,91437900
6/13/2022,130.110733,131.8800049,135.1999969,131.4400024,132.8699951,122207100
6/14/2022,130.9789429,132.7599945,133.8899994,131.4799957,133.1300049,84784300
6/15/2022,133.6130524,135.4299927,137.3399963,132.1600037,134.2899933,91533000
6/16/2022,128.3151398,130.0599976,132.3899994,129.0399933,132.0800018,108123900
6/17/2022,129.7949982,131.5599976,133.0800018,129.8099976,130.0700073,134520300
6/21/2022,134.0471954,135.8699951,137.0599976,133.3200073,133.4199982,81000500
6/22/2022,133.5341492,135.3500061,137.7599945,133.9100037,134.7899933,73409200
6/23/2022,136.4150085,138.2700043,138.5899963,135.6300049,136.8200073,72433800
6/24/2022,139.7595367,141.6600037,141.9100037,139.7700043,139.8999939,89116800
6/27/2022,139.7595367,141.6600037,143.4900055,140.9700012,142.6999969,70207900
6/28/2022,135.5961304,137.4400024,143.4199982,137.3200073,142.1300049,67083400
6/29/2022,137.3621368,139.2299957,140.6699982,136.6699982,137.4600067,66242400
6/30/2022,134.8858032,136.7200012,138.3699951,133.7700043,137.25,98964500
7/1/2022,137.0661469,138.9299927,139.0399933,135.6600037,136.0399933,71051600
7/5/2022,139.6608429,141.5599976,141.6100006,136.9299927,137.7700043,73353800
7/6/2022,141.0026245,142.9199982,144.1199951,141.0800018,141.3500061,74064300
7/7/2022,144.3866119,146.3500061,146.5500031,143.2799988,143.2899933,66253700
7/8/2022,145.0673676,147.0399933,147.5500031,145,145.2599945,64547800
7/11/2022,142.9264526,144.8699951,146.6399994,143.7799988,145.6699982,63141600
7/12/2022,143.903183,145.8600006,148.4499969,145.0500031,145.7599945,77588800
7/13/2022,143.538147,145.4900055,146.4499969,142.1199951,142.9900055,71185600
7/14/2022,146.4781647,148.4700012,148.9499969,143.25,144.0800018,78140700
7/15/2022,148.1553497,150.1699982,150.8600006,148.1999969,149.7799988,76259900
7/18/2022,145.0969391,147.0700073,151.5700073,146.6999969,150.7400055,81420900
7/19/2022,148.9742279,151,151.2299957,146.9100037,147.9199982,82982400
7/20/2022,150.9868317,153.0399933,153.7200012,150.3699951,151.1199951,64823400
7/21/2022,153.2658691,155.3500061,155.5700073,151.9400024,154.5,65086600
7/22/2022,152.0227661,154.0899963,156.2799988,153.4100037,155.3899994,66675400
7/25/2022,150.898056,152.9499969,155.0399933,152.2799988,154.0099945,53623900
7/26/2022,149.5661774,151.6000061,153.0899963,150.8000031,152.2599945,55138700
7/27/2022,154.6865387,156.7899933,157.3300018,152.1600037,152.5800018,78620700
7/28/2022,155.2390289,157.3500061,157.6399994,154.4100037,156.9799957,81378700
7/29/2022,160.3297729,162.5099945,163.6300049,159.5,161.2400055,101786900
8/1/2022,159.3432159,161.5099945,163.5899963,160.8899994,161.0099945,67829400
8/2/2022,157.863327,160.0099945,162.4100037,159.6300049,160.1000061,59907000
8/3/2022,163.9012299,166.1300049,166.5899963,160.75,160.8399963,82507500
8/4/2022,163.5855255,165.8099976,167.1900024,164.4299927,166.0099945,55474100
8/5/2022,163.3583069,165.3500061,165.8500061,163,163.2100067,56697000
8/8/2022,162.8840637,164.8699951,167.8099976,164.1999969,166.3699951,60276900
8/9/2022,162.9334869,164.9199982,165.8200073,163.25,164.0200043,63135500
8/10/2022,167.2014465,169.2400055,169.3399963,166.8999939,167.6799927,70170500
8/11/2022,166.460495,168.4900055,170.9900055,168.1900024,170.0599976,57149200
8/12/2022,170.0270081,172.1000061,172.1699982,169.3999939,169.8200073,68039400
8/15/2022,171.1038666,173.1900024,173.3899994,171.3500061,171.5200043,54091700
8/16/2022,170.9457855,173.0299988,173.7100067,171.6600037,172.7799988,56377100
8/17/2022,172.4474792,174.5500031,176.1499939,172.5700073,172.7700043,79542000
8/18/2022,172.0523071,174.1499939,174.8999939,173.1199951,173.75,62290100
8/19/2022,169.4539795,171.5200043,173.7400055,171.3099976,173.0299988,70346300
8/22/2022,165.5515442,167.5700073,169.8600006,167.1399994,169.6900024,69026800
8/23/2022,165.2156677,167.2299957,168.7100067,166.6499939,167.0800018,54147100
8/24/2022,165.5120239,167.5299988,168.1100006,166.25,167.3200073,53841500
8/25/2022,167.9819336,170.0299988,170.1399994,168.3500061,168.7799988,51218200
8/26/2022,161.6491394,163.6199951,171.0500031,163.5599976,170.5700073,78961000
8/29/2022,159.4361267,161.3800049,162.8999939,159.8200073,161.1499939,73314000
8/30/2022,156.9958649,158.9100037,162.5599976,157.7200012,162.1300049,77906200
8/31/2022,155.3262329,157.2200012,160.5800018,157.1399994,160.3099976,87991100
9/1/2022,156.057312,157.9600067,158.4199982,154.6699982,156.6399994,74229900
9/2/2022,153.9332123,155.8099976,160.3600006,154.9700012,159.75,76957800
9/6/2022,152.6686096,154.5299988,157.0899963,153.6900024,156.4700012,73714800
9/7/2022,154.0814056,155.9600067,156.6699982,153.6100006,154.8200073,87449600
9/8/2022,152.599472,154.4600067,156.3600006,152.6799927,154.6399994,84923800
9/9/2022,155.4744263,157.3699951,157.8200073,154.75,155.4700012,68028800
9/12/2022,161.461441,163.4299927,164.2599945,159.3000031,159.5899963,104956000
9/13/2022,151.9869232,153.8399963,160.5399933,153.3699951,159.8999939,122656600
9/14/2022,153.4392395,155.3099976,157.1000061,153.6100006,154.7899933,87965400
9/15/2022,150.5346527,152.3699951,155.2400055,151.3800049,154.6499939,90481100
9/16/2022,148.8847656,150.6999969,151.3500061,148.3699951,151.2100067,162278800
9/19/2022,152.6192169,154.4799957,154.5599976,149.1000061,149.3099976,81474200
9/20/2022,155.0100708,156.8999939,158.0800018,153.0800018,153.3999939,107689800
9/21/2022,151.8683777,153.7200012,158.7400055,153.6000061,157.3399963,101696800
9/22/2022,150.9002075,152.7400055,154.4700012,150.9100037,152.3800049,86652500
9/23/2022,148.6180115,150.4299927,151.4700012,148.5599976,151.1900024,96029900
9/26/2022,148.9539337,150.7700043,153.7700043,149.6399994,149.6600037,93339400
9/27/2022,149.9319916,151.7599945,154.7200012,149.9499969,152.7400055,84442700
9/28/2022,148.0351105,149.8399963,150.6399994,144.8399963,147.6399994,146691400
9/29/2022,140.7637787,142.4799957,146.7200012,140.6799927,146.1000061,128138200
9/30/2022,136.5353088,138.1999969,143.1000061,138,141.2799988,124925300
10/3/2022,140.7341309,142.4499969,143.0700073,137.6900024,138.2100067,114311700
10/4/2022,144.3401642,146.1000061,146.2200012,144.2599945,145.0299988,87830100
10/5/2022,144.6365509,146.3999939,147.3800049,143.0099945,144.0700073,79471000
10/6/2022,143.6782227,145.4299927,147.5399933,145.2200012,145.8099976,68402200
10/7/2022,138.4025574,140.0899963,143.1000061,139.4499969,142.5399933,85925600
10/10/2022,138.7285767,140.4199982,141.8899994,138.5700073,140.4199982,74899000
10/11/2022,137.3059387,138.9799957,141.3500061,138.2200012,139.8999939,77033700
10/12/2022,136.6736603,138.3399963,140.3600006,138.1600037,139.1300049,70433700
10/13/2022,141.2676239,142.9900055,143.5899963,134.3699951,134.9900055,113224000
10/14/2022,136.71315,138.3800049,144.5200043,138.1900024,144.3099976,88598000
10/17/2022,140.6946259,142.4100037,142.8999939,140.2700043,141.0700073,85250900
10/18/2022,142.0184784,143.75,146.6999969,140.6100006,145.4900055,99136600
10/19/2022,142.1271362,143.8600006,144.9499969,141.5,141.6900024,61758300
10/20/2022,141.662796,143.3899994,145.8899994,142.6499939,143.0200043,64522000
10/21/2022,145.4960785,147.2700043,147.8500061,142.6499939,142.8699951,86548600
10/24/2022,147.6498108,149.4499969,150.2299957,146,147.1900024,75981900
10/25/2022,150.5050201,152.3399963,152.4900055,149.3600006,150.0899963,74732300
10/26/2022,147.5510406,149.3500061,151.9900055,148.0399933,150.9600067,88194300
10/27/2022,143.0558319,144.8000031,149.0500031,144.1300049,148.0700073,109180200
10/28/2022,153.8640442,155.7400055,157.5,147.8200073,148.1999969,164762400
10/31/2022,151.4929504,153.3399963,154.2400055,151.9199982,153.1600037,97943200
11/1/2022,148.8353424,150.6499939,155.4499969,149.1300049,155.0800018,80379300
11/2/2022,143.2830658,145.0299988,152.1699982,145,148.9499969,93604600
11/3/2022,137.2071533,138.8800049,142.8000031,138.75,142.0599976,97918500
11/4/2022,136.9399414,138.3800049,142.6699982,134.3800049,142.0899963,140814800
11/7/2022,137.4743195,138.9199982,139.1499939,135.6699982,137.1100006,83374600
11/8/2022,138.0482941,139.5,141.4299927,137.4900055,140.4100037,89908500
11/9/2022,133.4664612,134.8699951,138.5500031,134.5899963,138.5,74917800
11/10/2022,145.3416138,146.8699951,146.8699951,139.5,141.2400055,118854000
11/11/2022,148.1421509,149.6999969,150.0099945,144.3699951,145.8200073,93979700
11/14/2022,146.7369232,148.2799988,150.2799988,147.4299927,148.9700012,73374100
11/15/2022,148.4786072,150.0399933,153.5899963,148.5599976,152.2200012,89868300
11/16/2022,147.2415924,148.7899933,149.8699951,147.2899933,149.1300049,64218300
11/17/2022,149.151535,150.7200012,151.4799957,146.1499939,146.4299927,80389400
11/18/2022,149.7155914,151.2899933,152.6999969,149.9700012,152.3099976,74829600
11/21/2022,146.4697418,148.0099945,150.3699951,147.7200012,150.1600037,58724100
11/22/2022,148.6171417,150.1799927,150.4199982,146.9299927,148.1300049,51804100
11/23/2022,149.4979095,151.0700073,151.8300018,149.3399963,149.4499969,58301400
11/25/2022,146.5686951,148.1100006,148.8800049,147.1199951,148.3099976,35195900
11/28/2022,142.7191772,144.2200012,146.6399994,143.3800049,145.1399994,69246000
11/29/2022,139.7009277,141.1699982,144.8099976,140.3500061,144.2899933,83763800
11/30/2022,146.4895325,148.0299988,148.7200012,140.5500031,141.3999939,111380900
12/1/2022,146.7666016,148.3099976,149.1300049,146.6100006,148.2100067,71250400
12/2/2022,146.2718201,147.8099976,148,145.6499939,145.9600067,65447400
12/5/2022,145.104126,146.6300049,150.9199982,145.7700043,147.7700043,68826400
12/6/2022,141.422821,142.9100037,147.3000031,141.9199982,147.0700073,64727200
12/7/2022,139.4733124,140.9400024,143.3699951,140,142.1900024,69721100
12/8/2022,141.1655273,142.6499939,143.5200043,141.1000061,142.3600006,62128300
12/9/2022,140.680603,142.1600037,145.5700073,140.8999939,142.3399963,76097000
12/12/2022,142.9863739,144.4900055,144.5,141.0599976,142.6999969,70462700
12/13/2022,143.9561768,145.4700012,149.9700012,144.2400055,149.5,93886200
12/14/2022,141.7196808,143.2100067,146.6600037,141.1600037,145.3500061,82291200
12/15/2022,135.0795135,136.5,141.8000031,136.0299988,141.1100006,98931900
12/16/2022,133.1102295,134.5099945,137.6499939,133.7299957,136.6900024,160156900
12/19/2022,130.9924927,132.3699951,135.1999969,131.3200073,135.1100006,79592600
12/20/2022,130.923233,132.3000031,133.25,129.8899994,131.3899994,77432800
12/21/2022,134.0404358,135.4499969,136.8099976,132.75,132.9799957,85928000
12/22/2022,130.8539581,132.2299957,134.5599976,130.3000031,134.3500061,77852100
12/23/2022,130.4877777,131.8600006,132.4199982,129.6399994,130.9199982,63814900
12/27/2022,128.6768341,130.0299988,131.4100037,128.7200012,131.3800049,69007800
12/28/2022,124.7283707,126.0400009,131.0299988,125.8700027,129.6699982,85438400
12/29/2022,128.2612152,129.6100006,130.4799957,127.7300034,127.9899979,75703700
12/30/2022,128.5778809,129.9299927,129.9499969,127.4300003,128.4100037,77034200
1/3/2023,123.7684479,125.0699997,130.8999939,124.1699982,130.2799988,112117500
1/4/2023,125.0450439,126.3600006,128.6600037,125.0800018,126.8899994,89113600
1/5/2023,123.7189713,125.0199966,127.7699966,124.7600021,127.1299973,80962700
1/6/2023,128.2711029,129.6199951,130.2899933,124.8899994,126.0100021,87754700
1/9/2023,128.7955933,130.1499939,133.4100037,129.8899994,130.4700012,70790800
1/10/2023,129.3695526,130.7299957,131.2599945,128.1199951,130.2599945,63896200
1/11/2023,132.1008606,133.4900055,133.5099945,130.4600067,131.25,69458900
1/12/2023,132.0216827,133.4100037,134.2599945,131.4400024,133.8800049,71379600
1/13/2023,133.3576202,134.7599945,134.9199982,131.6600037,132.0299988,57809700
1/17/2023,134.5253448,135.9400024,137.2899933,134.1300049,134.8300018,63646600
1/18/2023,133.802948,135.2100067,138.6100006,135.0299988,136.8200073,69672800
1/19/2023,133.8623047,135.2700043,136.25,133.7700043,134.0800018,58280400
1/20/2023,136.435257,137.8699951,138.0200043,134.2200012,135.2799988,80223600
1/23/2023,139.6415253,141.1100006,143.3200073,137.8999939,138.1199951,81760300
1/24/2023,141.0467377,142.5299988,143.1600037,140.3000031,140.3099976,66435100
1/25/2023,140.3837433,141.8600006,142.4299927,138.8099976,140.8899994,65799300
1/26/2023,142.4618988,143.9600067,144.25,141.8999939,143.1699982,54105100
1/27/2023,144.4113922,145.9299927,147.2299957,143.0800018,143.1600037,70555800
1/30/2023,141.5118713,143,145.5500031,142.8500061,144.9600067,64015300
1/31/2023,142.7884064,144.2899933,144.3399963,142.2799988,142.6999969,65874500
2/1/2023,143.9165802,145.4299927,146.6100006,141.3200073,143.9700012,77663600
2/2/2023,149.2504883,150.8200073,151.1799927,148.1699982,148.8999939,118339000
2/3/2023,152.8922119,154.5,157.3800049,147.8300018,148.0299988,154357300
2/6/2023,150.1510315,151.7299957,153.1000061,150.7799988,152.5700073,69858300
2/7/2023,153.0406189,154.6499939,155.2299957,150.6399994,150.6399994,83322600
2/8/2023,150.3390198,151.9199982,154.5800018,151.1699982,153.8800049,64120100
2/9/2023,149.2999573,150.8699951,154.3300018,150.4199982,153.7799988,56007100
2/10/2023,149.6667023,151.0099945,151.3399963,149.2200012,149.4600067,57450700
2/13/2023,152.4814453,153.8500061,154.2599945,150.9199982,150.9499969,62199000
2/14/2023,151.837204,153.1999969,153.7700043,150.8600006,152.1199951,61707600
2/15/2023,153.9482574,155.3300018,155.5,152.8800049,153.1100006,65573800
2/16/2023,152.3426666,153.7100067,156.3300018,153.3500061,153.5099945,68167900
2/17/2023,151.1929932,152.5500031,153,150.8500061,152.3500061,59144100
2/21/2023,147.1591797,148.4799957,151.3000031,148.4100037,150.1999969,58867200
2/22/2023,147.5853882,148.9100037,149.9499969,147.1600037,148.8699951,51011300
2/23/2023,148.0709991,149.3999939,150.3399963,147.2400055,150.0899963,48394200
2/24/2023,145.404953,146.7100067,147.1900024,145.7200012,147.1100006,55469600
2/27/2023,146.6041718,147.9199982,149.1699982,147.4499969,147.7100067,44998500
2/28/2023,146.0987091,147.4100037,149.0800018,146.8300018,147.0500031,50547000
3/1/2023,144.0173645,145.3099976,147.2299957,145.0099945,146.8300018,55479000
3/2/2023,144.6120605,145.9100037,146.7100067,143.8999939,144.3800049,52238100
3/3/2023,149.6865082,151.0299988,151.1100006,147.3300018,148.0399933,70732300
3/6/2023,152.4615936,153.8300018,156.3000031,153.4600067,153.7899933,87558000
3/7/2023,150.2514496,151.6000061,154.0299988,151.1300049,153.6999969,56182000
3/8/2023,151.5101471,152.8699951,153.4700012,151.8300018,152.8099976,47204800
3/9/2023,149.2504272,150.5899963,154.5399933,150.2299957,153.5599976,53833600
3/10/2023,147.1790009,148.5,150.9400024,147.6100006,150.2100067,68572400
3/13/2023,149.131485,150.4700012,153.1399994,147.6999969,147.8099976,84457100
3/14/2023,151.232605,152.5899963,153.3999939,150.1000061,151.2799988,73695900
3/15/2023,151.6290741,152.9900055,153.25,149.9199982,151.1900024,77167900
3/16/2023,154.463623,155.8500061,156.4600067,151.6399994,152.1600037,76161100
3/17/2023,153.6212006,155,156.7400055,154.2799988,156.0800018,98944600
3/20/2023,155.9998474,157.3999939,157.8200073,154.1499939,155.0700073,73641400
3/21/2023,157.8631134,159.2799988,159.3999939,156.5399933,157.3200073,73938300
3/22/2023,156.4260254,157.8300018,162.1399994,157.8099976,159.3000031,75701800
3/23/2023,157.5162201,158.9299927,161.5500031,157.6799927,158.8300018,67622100
3/24/2023,158.8244781,160.25,160.3399963,157.8500061,158.8600006,59196500
3/27/2023,156.8720245,158.2799988,160.7700043,157.8699951,159.9400024,52390300
3/28/2023,156.2476044,157.6499939,158.4900055,155.9799957,157.9700012,45992200
3/29/2023,159.3398743,160.7700043,161.0500031,159.3500061,159.3699951,51305700
3/30/2023,160.9156952,162.3600006,162.4700012,161.2700043,161.5299988,49501700
3/31/2023,163.4331055,164.8999939,165,161.9100037,162.4400024,68749800
4/3/2023,164.6918488,166.1699982,166.2899933,164.2200012,164.2700043,56976200
4/4/2023,164.1566315,165.6300049,166.8399963,165.1100006,166.6000061,46278300
4/5/2023,162.3032684,163.7599945,165.0500031,161.8000031,164.7400055,51511700
4/6/2023,163.1952667,164.6600037,164.9600067,162,162.4299927,45390100
4/10/2023,160.5886536,162.0299988,162.0299988,160.0800018,161.4199982,47716900
4/11/2023,159.3696136,160.8000031,162.3600006,160.5099945,162.3500061,47644200
4/12/2023,158.675827,160.1000061,162.0599976,159.7799988,161.2200012,50133100
4/13/2023,164.087265,165.5599976,165.8000031,161.4199982,161.6300049,68445600
4/14/2023,163.740387,165.2100067,166.3200073,163.8200073,164.5899963,49386500
4/17/2023,163.7601929,165.2299957,165.3899994,164.0299988,165.0899963,41516200
4/18/2023,164.9891663,166.4700012,167.4100037,165.6499939,166.1000061,49923000
4/19/2023,166.1388397,167.6300049,168.1600037,165.5399933,165.8000031,47720200
4/20/2023,165.1675568,166.6499939,167.8699951,165.5599976,166.0899963,52456400
4/21/2023,163.552063,165.0200043,166.4499969,164.4900055,165.0500031,58337300
4/24/2023,163.8592987,165.3300018,165.6000061,163.8899994,165,41949600
4/25/2023,162.3131866,163.7700043,166.3099976,163.7299957,165.1900024,48714100
4/26/2023,162.3032684,163.7599945,165.2799988,162.8000031,163.0599976,45498800
4/27/2023,166.9119263,168.4100037,168.5599976,165.1900024,165.1900024,64902300
4/28/2023,168.1705933,169.6799927,169.8500061,167.8800049,168.4900055,55209200
5/1/2023,168.0814056,169.5899963,170.4499969,168.6399994,169.2799988,52472900
5/2/2023,167.040741,168.5399933,170.3500061,167.5399933,170.0899963,48425700
5/3/2023,165.960434,167.4499969,170.9199982,167.1600037,169.5,65136000
5/4/2023,164.3151703,165.7899933,167.0399933,164.3099976,164.8899994,81235400
5/5/2023,172.0260162,173.5700073,174.3000031,170.7599945,170.9799957,113316400
5/8/2023,171.9566193,173.5,173.8500061,172.1100006,172.4799957,55962800
5/9/2023,170.2420197,171.7700043,173.5399933,171.6000061,173.0500031,45326900
5/10/2023,172.016098,173.5599976,174.0299988,171.8999939,173.0200043,53724500
5/11/2023,172.2044067,173.75,174.5899963,172.1699982,173.8500061,49514700
5/12/2023,171.2714844,172.5700073,174.0599976,171,173.6199951,45497800
5/15/2023,170.775238,172.0700073,173.2100067,171.4700012,173.1600037,37266700
5/16/2023,170.775238,172.0700073,173.1399994,171.8000031,171.9900055,42110300
5/17/2023,171.3905792,172.6900024,172.9299927,170.4199982,171.7100067,57951600
5/18/2023,173.7328033,175.0500031,175.2400055,172.5800018,173,65496700
5/19/2023,173.8419952,175.1600037,176.3899994,174.9400024,176.3899994,55772400
5/22/2023,172.8892059,174.1999969,174.7100067,173.4499969,173.9799957,43570900
5/23/2023,170.2690735,171.5599976,173.3800049,171.2799988,173.1300049,50747300
5/24/2023,170.5469818,171.8399963,172.4199982,170.5200043,171.0899963,45143500
5/25/2023,171.688324,172.9900055,173.8999939,171.6900024,172.4100037,56058300
5/26/2023,174.1099548,175.4299927,175.7700043,173.1100006,173.3200073,54835000
5/30/2023,175.9658813,177.3000031,178.9900055,176.5700073,176.9600067,55964400
5/31/2023,175.9162445,177.25,179.3500061,176.7599945,177.3300018,99625300
6/1/2023,178.7348785,180.0899963,180.1199951,176.9299927,177.6999969,68901800
6/2/2023,179.5883942,180.9499969,181.7799988,179.2599945,181.0299988,61945900
6/5/2023,178.2287292,179.5800018,184.9499969,178.0399933,182.6300049,121946500
6/6/2023,177.8615112,179.2100067,180.1199951,177.4299927,179.9700012,64848400
6/7/2023,176.4819794,177.8200073,181.2100067,177.3200073,178.4400024,61944600
6/8/2023,179.2112732,180.5700073,180.8399963,177.4600067,177.8999939,50214900
6/9/2023,179.5983276,180.9600067,182.2299957,180.6300049,181.5,48870700
6/12/2023,182.4070282,183.7899933,183.8899994,180.9700012,181.2700043,54274900
6/13/2023,181.9306488,183.3099976,184.1499939,182.4400024,182.8000031,54929100
6/14/2023,182.5658417,183.9499969,184.3899994,182.0200043,183.3699951,57462900
6/15/2023,184.6103363,186.0099945,186.5200043,183.7799988,183.9600067,65433200
6/16/2023,183.5285187,184.9199982,186.9900055,184.2700043,186.7299957,101235600
6/20/2023,183.6178589,185.0099945,186.1000061,184.4100037,184.4100037,49799100
6/21/2023,182.5757599,183.9600067,185.4100037,182.5899963,184.8999939,49515700
6/22/2023,185.5928955,187,187.0500031,183.6699982,183.7400055,51245300
6/23/2023,185.2752838,186.6799927,187.5599976,185.0099945,185.5500031,53079300
6/26/2023,183.8759003,185.2700043,188.0500031,185.2299957,186.8300018,48088700
6/27/2023,186.6448975,188.0599976,188.3899994,185.6699982,185.8899994,50730800
6/28/2023,187.8259735,189.25,189.8999939,187.6000061,187.9299927,51216800
6/29/2023,188.1633911,189.5899963,190.0700073,188.9400024,189.0800018,46347300
6/30/2023,192.510437,193.9700012,194.4799957,191.2599945,191.6300049,85069600
7/3/2023,191.0118103,192.4600067,193.8800049,191.7599945,193.7799988,31458200
7/5/2023,189.8903198,191.3300018,192.9799957,190.6199951,191.5700073,46920300
7/6/2023,190.3666992,191.8099976,192.0200043,189.1999969,189.8399963,45094300
7/7/2023,189.2451935,190.6799927,192.6699982,190.2400055,191.4100037,46778000
7/10/2023,187.1907806,188.6100006,189.9900055,187.0399933,189.2599945,59922200
7/11/2023,186.6647644,188.0800018,189.3000031,186.6000061,189.1600037,46638100
7/12/2023,188.342041,189.7700043,191.6999969,188.4700012,189.6799927,60750200
7/13/2023,189.1062164,190.5399933,191.1900024,189.7799988,190.5,41342300
7/14/2023,189.2551117,190.6900024,191.1799927,189.6300049,190.2299957,41573900
7/17/2023,192.5302887,193.9900055,194.3200073,191.8099976,191.8999939,50520200
7/18/2023,192.2722168,193.7299957,194.3300018,192.4199982,193.3500061,48353800
7/19/2023,193.6319427,195.1000061,198.2299957,192.6499939,193.1000061,80507300
7/20/2023,191.6767578,193.1300049,196.4700012,192.5,195.0899963,59581200
7/21/2023,190.4957275,191.9400024,194.9700012,191.2299957,194.1000061,71917800
7/24/2023,191.2996216,192.75,194.9100037,192.25,193.4100037,45377800
7/25/2023,192.1630707,193.6199951,194.4400024,192.9199982,193.3300018,37283200
7/26/2023,193.0364532,194.5,195.6399994,193.3200073,193.6699982,47471900
7/27/2023,191.766098,193.2200012,197.1999969,192.5500031,196.0200043,47460200
7/28/2023,194.3564453,195.8300018,196.6300049,194.1399994,194.6699982,48291400
7/31/2023,194.9717712,196.4499969,196.4900055,195.2599945,196.0599976,38824100
8/1/2023,194.1381073,195.6100006,196.7299957,195.2799988,196.2400055,35175100
8/2/2023,191.1308899,192.5800018,195.1799927,191.8500061,195.0399933,50389300
8/3/2023,189.7315063,191.1699982,192.3699951,190.6900024,191.5700073,61235200
8/4/2023,180.6205902,181.9900055,187.3800049,181.9199982,185.5200043,115799700
8/7/2023,177.5042114,178.8500061,183.1300049,177.3500061,182.1300049,97576100
8/8/2023,178.4470673,179.8000031,180.2700043,177.5800018,179.6900024,67823000
8/9/2023,176.8491669,178.1900024,180.9299927,177.0099945,180.8699951,60378500
8/10/2023,176.6308136,177.9700012,180.75,177.6000061,179.4799957,54686900
8/11/2023,176.6904602,177.7899933,178.6199951,176.5500031,177.3200073,51988100
8/14/2023,178.3501434,179.4600067,179.6900024,177.3099976,177.9700012,43675600
8/15/2023,176.3525696,177.4499969,179.4799957,177.0500031,178.8800049,43622600
8/16/2023,175.4780273,176.5700073,178.5399933,176.5,177.1300049,46964900
8/17/2023,172.9239044,174,177.5099945,173.4799957,177.1399994,66062900
8/18/2023,173.4108734,174.4900055,175.1000061,171.9600067,172.3000031,61114200
8/21/2023,174.7525177,175.8399963,176.1300049,173.7400055,175.0700073,46311900
8/22/2023,176.1339264,177.2299957,177.6799927,176.25,177.0599976,42084200
8/23/2023,179.9998627,181.1199951,181.5500031,178.3300018,178.5200043,52722800
8/24/2023,175.2891693,176.3800049,181.1000061,176.0099945,180.6699982,54945800
8/25/2023,177.5054016,178.6100006,179.1499939,175.8200073,177.3800049,51449600
8/28/2023,179.0756378,180.1900024,180.5899963,178.5500031,180.0899963,43820700
8/29/2023,182.981308,184.1199951,184.8999939,179.5,179.6999969,53003900
8/30/2023,186.4894867,187.6499939,187.8500061,184.7400055,184.9400024,60813900
8/31/2023,186.7081299,187.8699951,189.1199951,187.4799957,187.8399963,60794500
9/1/2023,188.2883148,189.4600067,189.9199982,188.2799988,189.4900055,45732600
9/5/2023,188.526825,189.6999969,189.9799957,187.6100006,188.2799988,45280000
9/6/2023,181.7788086,182.9100037,188.8500061,181.4700012,188.3999939,81755800
9/7/2023,176.4618988,177.5599976,178.2100067,173.5399933,175.1799927,112488800
9/8/2023,177.0780487,178.1799927,180.2400055,177.7899933,178.3500061,65551300
9/11/2023,178.2507477,179.3600006,180.3000031,177.3399963,180.0700073,58953100
9/12/2023,175.2096863,176.3000031,180.1300049,174.8200073,179.4900055,90370200
9/13/2023,173.1326141,174.2100067,177.3000031,173.9799957,176.5099945,84267900
9/14/2023,174.6531372,175.7400055,176.1000061,173.5800018,174,60895800
9/15/2023,173.9276428,175.0099945,176.5,173.8200073,176.4799957,109205100
9/18/2023,176.869339,177.9700012,179.3800049,176.1699982,176.4799957,67257600
9/19/2023,177.9625549,179.0700073,179.6300049,177.1300049,177.5200043,51826900
9/20/2023,174.4046783,175.4900055,179.6999969,175.3999939,179.2599945,58436200
9/21/2023,172.8543396,173.9299927,176.3000031,173.8600006,174.5500031,63047900
9/22/2023,173.7089996,174.7899933,177.0800018,174.0500031,174.6699982,56725400
9/25/2023,174.9910431,176.0800018,176.9700012,174.1499939,174.1999969,46172700
9/26/2023,170.8965302,171.9600067,175.1999969,171.6600037,174.8200073,64588900
9/27/2023,169.3759766,170.4299927,173.0399933,169.0500031,172.6199951,66921800
9/28/2023,169.6343842,170.6900024,172.0299988,167.6199951,169.3399963,56294400
9/29/2023,170.1511688,171.2100067,173.0700073,170.3399963,172.0200043,51814200
10/2/2023,172.6754608,173.75,174.3000031,170.9299927,171.2200012,52164500
10/3/2023,171.3338013,172.3999939,173.6300049,170.8200073,172.2599945,49594600
10/4/2023,172.5860138,173.6600037,174.2100067,170.9700012,171.0899963,53020300
10/5/2023,173.8282776,174.9100037,175.4499969,172.6799927,173.7899933,48527900
10/6/2023,176.392334,177.4900055,177.9900055,173.1799927,173.8000031,57224100
10/9/2023,177.8830414,178.9900055,179.0500031,175.8000031,176.8099976,42390800
10/10/2023,177.2867432,178.3899994,179.7200012,177.9499969,178.1000061,43698000
10/11/2023,178.6880341,179.8000031,179.8500061,177.6000061,178.1999969,47551100
10/12/2023,179.5924072,180.7100067,182.3399963,179.0399933,180.0700073,56743100
10/13/2023,177.7439117,178.8500061,181.9299927,178.1399994,181.4199982,51427100
10/16/2023,177.6147156,178.7200012,179.0800018,176.5099945,176.75,52517000
10/17/2023,176.0544128,177.1499939,178.4199982,174.8000031,176.6499939,57549400
10/18/2023,174.7525177,175.8399963,177.5800018,175.1100006,175.5800018,54764400
10/19/2023,174.3748932,175.4600067,177.8399963,175.1900024,176.0399933,59302900
10/20/2023,171.8108368,172.8800049,175.4199982,172.6399994,175.3099976,64189300
10/23/2023,171.9300842,173,174.0099945,169.9299927,170.9100037,55980100
10/24/2023,172.3673859,173.4400024,173.6699982,171.4499969,173.0500031,43816600
10/25/2023,170.0418701,171.1000061,173.0599976,170.6499939,171.8800049,57157000
10/26/2023,165.8578796,166.8899994,171.3800049,165.6699982,170.3699951,70625300
10/27/2023,167.179657,168.2200012,168.9600067,166.8300018,166.9100037,58499100
10/30/2023,169.2368317,170.2899933,171.1699982,168.8699951,169.0200043,51131000
10/31/2023,169.7138824,170.7700043,170.8999939,167.8999939,169.3500061,44846000
11/1/2023,172.894104,173.9700012,174.2299957,170.1199951,171,56934900
11/2/2023,176.4718323,177.5700073,177.7799988,175.4600067,175.5200043,77334800
11/3/2023,175.5575104,176.6499939,176.8200073,173.3500061,174.2400055,79763700
11/6/2023,178.1215668,179.2299957,179.4299927,176.2100067,176.3800049,63841300
11/7/2023,180.6955414,181.8200073,182.4400024,178.9700012,179.1799927,70530000
11/8/2023,181.7589264,182.8899994,183.4499969,181.5899963,182.3500061,49340300
11/9/2023,181.2818909,182.4100037,184.1199951,181.8099976,182.9600067,53763500
11/10/2023,185.4912567,186.3999939,186.5700073,183.5299988,183.9700012,66133400
11/13/2023,183.8990631,184.8000031,186.0299988,184.2100067,185.8200073,43627500
11/14/2023,186.5262146,187.4400024,188.1100006,186.3000031,187.6999969,60108400
11/15/2023,187.0934143,188.0099945,189.5,187.7799988,187.8500061,53790500
11/16/2023,188.7851563,189.7100067,190.9600067,188.6499939,189.5700073,54412900
11/17/2023,188.7652283,189.6900024,190.3800049,188.5700073,190.25,50922700
11/20/2023,190.5166473,191.4499969,191.9100037,189.8800049,189.8899994,46505100
11/21/2023,189.7106018,190.6399994,191.5200043,189.7400055,191.4100037,38134500
11/22/2023,190.3773346,191.3099976,192.9299927,190.8300018,191.4900055,39617700
11/24/2023,189.0438538,189.9700012,190.8999939,189.25,190.8699951,24048300
11/27/2023,188.8647308,189.7899933,190.6699982,188.8999939,189.9199982,40552600
11/28/2023,189.471756,190.3999939,191.0800018,189.3999939,189.7799988,38415400
11/29/2023,188.4467926,189.3699951,192.0899963,188.9700012,190.8999939,43014200
11/30/2023,189.0239716,189.9499969,190.3200073,188.1900024,189.8399963,48794400
12/1/2023,190.3076782,191.2400055,191.5599976,189.2299957,190.3300018,45679300
12/4/2023,188.506485,189.4299927,190.0500031,187.4499969,189.9799957,43389500
12/5/2023,192.4770508,193.4199982,194.3999939,190.1799927,190.2100067,66628400
12/6/2023,191.3824158,192.3200073,194.7599945,192.1100006,194.4499969,41089700
12/7/2023,193.3229065,194.2700043,195,193.5899963,193.6300049,47477700
12/8/2023,194.7558899,195.7100067,195.9900055,193.6699982,194.1999969,53377300
12/11/2023,192.2382202,193.1799927,193.4900055,191.4199982,193.1100006,60943700
12/12/2023,193.7607727,194.7100067,194.7200012,191.7200012,193.0800018,52696900
12/13/2023,196.9949188,197.9600067,198,194.8500061,195.0899963,70404200
12/14/2023,197.1441956,198.1100006,199.6199951,196.1600037,198.0200043,66831600
12/15/2023,196.606842,197.5700073,198.3999939,197,197.5299988,128256700
12/18/2023,194.9349976,195.8899994,196.6300049,194.3899994,196.0899963,55751900
12/19/2023,195.9799042,196.9400024,196.9499969,195.8899994,196.1600037,40714100
12/20/2023,193.880188,194.8300018,197.6799927,194.8300018,196.8999939,52242800
12/21/2023,193.7308807,194.6799927,197.0800018,193.5,196.1000061,46482500
12/22/2023,192.6561737,193.6000061,195.4100037,192.9700012,195.1799927,37122800
12/26/2023,192.1088715,193.0500031,193.8899994,192.8300018,193.6100006,28919300
12/27/2023,192.2083588,193.1499939,193.5,191.0899963,192.4900055,48087700
12/28/2023,192.6362762,193.5800018,194.6600037,193.1699982,194.1399994,34049900
12/29/2023,191.5913849,192.5299988,194.3999939,191.7299957,193.8999939,42628800
1/2/2024,184.7349854,185.6399994,188.4400024,183.8899994,187.1499939,82488700
1/3/2024,183.3517609,184.25,185.8800049,183.4299927,184.2200012,58414500
1/4/2024,181.0231781,181.9100037,183.0899963,180.8800049,182.1499939,71983600
1/5/2024,180.2967072,181.1799927,182.7599945,180.1699982,181.9900055,62303300
1/8/2024,184.655365,185.5599976,185.6000061,181.5,182.0899963,59144500
1/9/2024,184.2374115,185.1399994,185.1499939,182.7299957,183.9199982,42841800
1/10/2024,185.2823029,186.1900024,186.3999939,183.9199982,184.3500061,46792900
1/11/2024,184.6851959,185.5899963,187.0500031,183.6199951,186.5399933,49128400
1/12/2024,185.0136108,185.9199982,186.7400055,185.1900024,186.0599976,40444700
1/16/2024,182.734787,183.6300049,184.2599945,180.9299927,182.1600037,65603000
1/17/2024,181.7894135,182.6799927,182.9299927,180.3000031,181.2700043,47317400
1/18/2024,187.7104187,188.6300049,189.1399994,185.8300018,186.0899963,78005800
1/19/2024,190.6261139,191.5599976,191.9499969,188.8200073,189.3300018,68741000
1/22/2024,192.9447479,193.8899994,195.3300018,192.2599945,192.3000031,60133900
1/23/2024,194.2284698,195.1799927,195.75,193.8300018,195.0200043,42355600
1/24/2024,193.5517731,194.5,196.3800049,194.3399963,195.4199982,53631300
1/25/2024,193.2233887,194.1699982,196.2700043,193.1100006,195.2200012,54822100
1/26/2024,191.4819183,192.4199982,194.7599945,191.9400024,194.2700043,44594000
1/29/2024,190.7952881,191.7299957,192.1999969,189.5800018,192.0099945,47145600
1/30/2024,187.1232758,188.0399933,191.8000031,187.4700012,190.9400024,55859400
1/31/2024,183.5010223,184.3999939,187.1000061,184.3500061,187.0399933,55467800
2/1/2024,185.9490356,186.8600006,186.9499969,183.8200073,183.9900055,64885400
2/2/2024,184.9439697,185.8500061,187.3300018,179.25,179.8600006,102518000
2/5/2024,186.7650299,187.6799927,189.25,185.8399963,188.1499939,69668800
2/6/2024,188.3771362,189.3000031,189.3099976,186.7700043,186.8600006,43490800
2/7/2024,188.486618,189.4100037,191.0500031,188.6100006,190.6399994,53439000
2/8/2024,187.4019165,188.3200073,189.5399933,187.3500061,189.3899994,40962000
2/9/2024,188.1691437,188.8500061,189.9900055,188,188.6499939,45155200
2/12/2024,186.4752655,187.1499939,188.6699982,186.7899933,188.4199982,41781900
2/13/2024,184.3728638,185.0399933,186.2100067,183.5099945,185.7700043,56529500
2/14/2024,183.4860687,184.1499939,185.5299988,182.4400024,185.3200073,54630500
2/15/2024,183.1971283,183.8600006,184.4900055,181.3500061,183.5500031,65434500
2/16/2024,181.6526947,182.3099976,184.8500061,181.6699982,183.4199982,49701400
2/20/2024,180.9054108,181.5599976,182.4299927,180,181.7899933,53665600
2/21/2024,181.6626892,182.3200073,182.8899994,180.6600037,181.9400024,41529700
2/22/2024,183.7052917,184.3699951,184.9600067,182.4600067,183.4799957,52292200
2/23/2024,181.8619537,182.5200043,185.0399933,182.2299957,185.0099945,45119700
2/26/2024,180.5068665,181.1600037,182.7599945,180.6499939,182.2400055,40867400
2/27/2024,181.9715576,182.6300049,183.9199982,179.5599976,181.1000061,54318900
2/28/2024,180.7659149,181.4199982,183.1199951,180.1300049,182.5099945,48953900
2/29/2024,180.0983276,180.75,182.5700073,179.5299988,181.2700043,136682600
3/1/2024,179.0122833,179.6600037,180.5299988,177.3800049,179.5500031,73488000
3/4/2024,174.4687042,175.1000061,176.8999939,173.7899933,176.1499939,81510100
3/5/2024,169.5066681,170.1199951,172.0399933,169.6199951,170.7599945,95132400
3/6/2024,168.5102539,169.1199951,171.2400055,168.6799927,171.0599976,68587700
3/7/2024,168.3907013,169,170.7299957,168.4900055,169.1499939,71765100
3/8/2024,170.1144562,170.7299957,173.6999969,168.9400024,169,76114600
3/11/2024,172.127182,172.75,174.3800049,172.0500031,172.9400024,60139500
3/12/2024,172.6054382,173.2299957,174.0299988,171.0099945,173.1499939,59825400
3/13/2024,170.5130157,171.1300049,173.1900024,170.7599945,172.7700043,52488700
3/14/2024,172.3762817,173,174.3099976,172.0500031,172.9100037,72913500
3/15/2024,171.9976501,172.6199951,172.6199951,170.2899933,171.1699982,121664700
3/18/2024,173.093689,173.7200012,177.7100067,173.5200043,175.5700073,75604200
3/19/2024,175.4451599,176.0800018,176.6100006,173.0299988,174.3399963,55215200
3/20/2024,178.0258331,178.6699982,178.6699982,175.0899963,175.7200012,53423100
3/21/2024,170.7521515,171.3699951,177.4900055,170.8399963,177.0500031,106181300
3/22/2024,171.6588745,172.2799988,173.0500031,170.0599976,171.7599945,71106600
3/25/2024,170.2340393,170.8500061,171.9400024,169.4499969,170.5700073,54288300
3/26/2024,169.0981445,169.7100067,171.4199982,169.5800018,170,57388400
3/27/2024,172.6851654,173.3099976,173.6000061,170.1100006,170.4100037,60273300
3/28/2024,170.8617554,171.4799957,172.2299957,170.5099945,171.75,65672700
4/1/2024,169.4169769,170.0299988,171.25,169.4799957,171.1900024,46240500
4/2/2024,168.2312622,168.8399963,169.3399963,168.2299957,169.0800018,49329500
4/3/2024,169.0383453,169.6499939,170.6799927,168.5800018,168.7899933,47691700
4/4/2024,168.2113495,168.8200073,171.9199982,168.8200073,170.2899933,53704400
4/5/2024,168.9686127,169.5800018,170.3899994,168.9499969,169.5899963,42055200
4/8/2024,167.8426819,168.4499969,169.1999969,168.2400055,169.0299988,37425500
4/9/2024,169.0582733,169.6699982,170.0800018,168.3500061,168.6999969,42451200
4/10/2024,167.1750946,167.7799988,169.0899963,167.1100006,168.8000031,49709300
4/11/2024,174.4089203,175.0399933,175.4600067,168.1600037,168.3399963,91070300
4/12/2024,175.9134827,176.5500031,178.3600006,174.2100067,174.2599945,101593300
4/15/2024,172.0673828,172.6900024,176.6300049,172.5,175.3600006,73531800
4/16/2024,168.7693329,169.3800049,173.7599945,168.2700043,171.75,73711200
4/17/2024,167.3943024,168,170.6499939,168,169.6100006,50901200
4/18/2024,166.4377594,167.0399933,168.6399994,166.5500031,168.0299988,43122900
4/19/2024,164.4051208,165,166.3999939,164.0800018,166.2100067,67772100
4/22/2024,165.2420807,165.8399963,167.2599945,164.7700043,165.5200043,48116400
4/23/2024,166.2982635,166.8999939,167.0500031,164.9199982,165.3500061,49537800
4/24/2024,168.4106293,169.0200043,169.3000031,166.2100067,166.5399933,48251800
4/25/2024,169.2774963,169.8899994,170.6100006,168.1499939,169.5299988,50558300
4/26/2024,168.689621,169.3000031,171.3399963,169.1799927,169.8800049,44838400
4/29/2024,172.8744659,173.5,176.0299988,173.1000061,173.3699951,68169400
4/30/2024,169.7159119,170.3300018,174.9900055,170,173.3300018,65934800
5/1/2024,168.689621,169.3000031,172.7100067,169.1100006,169.5800018,50383100
5/2/2024,172.4061737,173.0299988,173.4199982,170.8899994,172.5099945,94214900
5/3/2024,182.7188416,183.3800049,187,182.6600037,186.6499939,163224100
5/6/2024,181.0548859,181.7100067,184.1999969,180.4199982,182.3500061,78569700
5/7/2024,181.7423859,182.3999939,184.8999939,181.3200073,183.4499969,77305800
5/8/2024,182.0811615,182.7400055,183.0700073,181.4499969,182.8500061,45057100
5/9/2024,183.9045868,184.5700073,184.6600037,182.1100006,182.5599976,48983000
5/10/2024,182.6374359,183.0500031,185.0899963,182.1300049,184.8999939,50759500
5/13/2024,185.8601379,186.2799988,187.1000061,184.6199951,185.4400024,72044800
5/14/2024,187.0075531,187.4299927,188.3000031,186.2899933,187.5099945,52393600
5/15/2024,189.2924042,189.7200012,190.6499939,187.3699951,187.9100037,70400000
5/16/2024,189.4121246,189.8399963,191.1000061,189.6600037,190.4700012,52845200
5/17/2024,189.4420471,189.8699951,190.8099976,189.1799927,189.5099945,41282900
5/20/2024,190.6094208,191.0399933,191.9199982,189.0099945,189.3300018,44361300
5/21/2024,191.9164734,192.3500061,192.7299957,190.9199982,191.0899963,42309400
5/22/2024,190.4697266,190.8999939,192.8200073,190.2700043,192.2700043,34648500
5/23/2024,186.4588013,186.8800049,191,186.6300049,190.9799957,51005900
5/24/2024,189.5518036,189.9799957,190.5800018,188.0399933,188.8200073,36294600
5/28/2024,189.5617828,189.9900055,193,189.1000061,191.5099945,52280100
5/29/2024,189.8611145,190.2899933,192.25,189.5099945,189.6100006,53068000
5/30/2024,190.8588562,191.2899933,192.1799927,190.6300049,190.7599945,49947900
5/31/2024,191.8166809,192.25,192.5700073,189.9100037,191.4400024,75158300
6/3/2024,193.5926819,194.0299988,194.9900055,192.5200043,192.8999939,50080500
6/4/2024,193.9119568,194.3500061,195.3200073,193.0299988,194.6399994,47471400
6/5/2024,195.4285278,195.8699951,196.8999939,194.8699951,195.3999939,54156800
6/6/2024,194.0416718,194.4799957,196.5,194.1699982,195.6900024,41181800
6/7/2024,196.446228,196.8899994,196.9400024,194.1399994,194.6499939,53103900
6/10/2024,192.6847229,193.1199951,197.3000031,192.1499939,196.8999939,97262100
6/11/2024,206.6831055,207.1499939,207.1600037,193.6300049,193.6499939,172373300
6/12/2024,212.5897827,213.0700073,220.1999969,206.8999939,207.3699951,198134300
6/13/2024,213.7571411,214.2400055,216.75,211.6000061,214.7400055,97862700
6/14/2024,212.0110779,212.4900055,215.1699982,211.3000031,213.8500061,70122700
6/17/2024,216.1816559,216.6699982,218.9499969,212.7200012,213.3699951,93728300
6/18/2024,213.8070068,214.2899933,218.6300049,213,217.5899963,79943300
6/20/2024,209.2073975,209.6799927,214.2400055,208.8500061,213.9299927,86172500
6/21/2024,207.0223541,207.4900055,211.8899994,207.1100006,210.3899994,246421400
6/24/2024,207.6708832,208.1399994,212.6999969,206.5899963,207.7200012,80727000
6/25/2024,208.5987854,209.0700073,211.3800049,208.6100006,209.1499939,56713900
6/26/2024,212.7693634,213.25,214.8600006,210.6399994,211.5,66213200
6/27/2024,213.6174622,214.1000061,215.7400055,212.3500061,214.6900024,49772700
6/28/2024,210.1452789,210.6199951,216.0700073,210.3000031,215.7700043,82542700
7/1/2024,216.2614746,216.75,217.5099945,211.9199982,212.0899963,60402900
7/2/2024,219.7735443,220.2700043,220.3800049,215.1000061,216.1499939,58046200
7/3/2024,221.0506592,221.5500031,221.5500031,219.0299988,220,37369800
7/5/2024,225.8298492,226.3399963,226.4499969,221.6499939,221.6499939,60412400
7/8/2024,227.3065338,227.8200073,227.8500061,223.25,227.0899963,59085900
7/9/2024,228.1645813,228.6799927,229.3999939,226.3699951,227.9299927,48076100
7/10/2024,232.454895,232.9799957,233.0800018,229.25,229.3000031,62627700
7/11/2024,227.0570984,227.5700073,232.3899994,225.7700043,231.3899994,64710600
7/12/2024,230.0203857,230.5399933,232.6399994,228.6799927,228.9199982,53046500
7/15/2024,233.8716888,234.3999939,237.2299957,233.0899963,236.4799957,62631300
7/16/2024,234.290741,234.8200073,236.2700043,232.3300018,235,43234300
7/17/2024,228.3641357,228.8800049,231.4600067,226.6399994,229.4499969,57345900
7/18/2024,223.6747284,224.1799927,230.4400024,222.2700043,230.2799988,66034600
7/19/2024,223.8044281,224.3099976,226.8000031,223.2799988,224.8200073,49151500
7/22/2024,223.4552307,223.9600067,227.7799988,223.0899963,227.0099945,48201800
7/23/2024,224.5028534,225.0099945,226.9400024,222.6799927,224.3699951,39960300
7/24/2024,218.0474396,218.5399933,224.8000031,217.1300049,224,61777600
7/25/2024,216.9998169,217.4900055,220.8500061,214.6199951,218.9299927,51391200
7/26/2024,217.46875,217.9600067,219.4900055,216.0099945,218.6999969,41601300
7/29/2024,217.7481232,218.2400055,219.3000031,215.75,216.9600067,36311800
7/30/2024,218.3068542,218.8000031,220.3300018,216.1199951,219.1900024,41643800
7/31/2024,221.5794678,222.0800018,223.8200073,220.6300049,221.4400024,50036300
8/1/2024,217.8678436,218.3600006,224.4799957,217.0200043,224.3699951,62501000
8/2/2024,219.3644714,219.8600006,225.6000061,217.7100067,219.1499939,105568600
8/5/2024,208.7983398,209.2700043,213.5,196,199.0899963,119548600
8/6/2024,206.7629395,207.2299957,209.9900055,201.0700073,205.3000031,69660500
8/7/2024,209.3471069,209.8200073,213.6399994,206.3899994,206.8999939,63516400
8/8/2024,212.8292236,213.3099976,214.1999969,208.8300018,213.1100006,47161100
8/9/2024,215.7526398,216.2400055,216.7799988,211.9700012,212.1000061,42201600
8/12/2024,217.2909393,217.5299988,219.5099945,215.6000061,216.0700073,38028100
8/13/2024,221.026825,221.2700043,221.8899994,219.0099945,219.0099945,44155300
8/14/2024,221.4763336,221.7200012,223.0299988,219.6999969,220.5700073,41960600
8/15/2024,224.4730377,224.7200012,225.3500061,222.7599945,224.6000061,46414000
8/16/2024,225.8015747,226.0500031,226.8300018,223.6499939,223.9199982,44340200
8/19/2024,225.6417542,225.8899994,225.9900055,223.0399933,225.7200012,40687800
8/20/2024,226.2610626,226.5099945,227.1699982,225.4499969,225.7700043,30299000
8/21/2024,226.1511841,226.3999939,227.9799957,225.0500031,226.5200043,34765500
8/22/2024,224.2832489,224.5299988,228.3399963,223.8999939,227.7899933,43695300
8/23/2024,226.5906982,226.8399963,228.2200012,224.3300018,225.6600037,38677300
8/26/2024,226.9303284,227.1799927,227.2799988,223.8899994,226.7599945,30602200
8/27/2024,227.7793884,228.0299988,228.8500061,224.8899994,226,35934600
8/28/2024,226.2410889,226.4900055,229.8600006,225.6799927,227.9199982,38052200
8/29/2024,229.5374603,229.7899933,232.9199982,228.8800049,230.1000061,51906300
8/30/2024,228.7483368,229,230.3999939,227.4799957,230.1900024,52990800
9/3/2024,222.525177,222.7700043,229,221.1699982,228.5500031,50190600
9/4/2024,220.6072998,220.8500061,221.7799988,217.4799957,221.6600037,43840200
9/5/2024,222.1356049,222.3800049,225.4799957,221.5200043,221.6300049,36615400
9/6/2024,220.5773315,220.8200073,225.2400055,219.7700043,223.9499969,48423000
9/9/2024,220.6672211,220.9100037,221.2700043,216.7100067,220.8200073,67180000
9/10/2024,219.868103,220.1100006,221.4799957,216.7299957,218.9199982,51591000
9/11/2024,222.4152985,222.6600037,223.0899963,217.8899994,221.4600067,44587100
9/12/2024,222.525177,222.7700043,223.5500031,219.8200073,222.5,37498200
9/13/2024,222.2554779,222.5,224.0399933,221.9100037,223.5800018,36766600
9/16/2024,216.0822754,216.3200073,217.2200012,213.9199982,216.5399933,59357400
9/17/2024,216.5517426,216.7899933,216.8999939,214.5,215.75,45519300
9/18/2024,220.447464,220.6900024,222.7100067,217.5399933,217.5500031,59894900
9/19/2024,228.6184692,228.8699951,229.8200073,224.6300049,224.9900055,66781300
9/20/2024,227.9492035,228.1999969,233.0899963,227.6199951,229.9700012,318679900
9/23/2024,226.2211151,226.4700012,229.4499969,225.8099976,227.3399963,54146000
9/24/2024,227.1201172,227.3699951,229.3500061,225.7299957,228.6499939,43556100
9/25/2024,226.1212158,226.3699951,227.2899933,224.0200043,224.9299927,42308700
9/26/2024,227.2699585,227.5200043,228.5,225.4100037,227.3000031,36636700
9/27/2024,227.5396576,227.7899933,229.5200043,227.3000031,228.4600067,34026000
9/30/2024,232.7439423,233,233,229.6499939,230.0399933,54541900
10/1/2024,225.9614105,226.2100067,229.6499939,223.7400055,229.5200043,63285000
10/2/2024,226.530777,226.7799988,227.3699951,223.0200043,225.8899994,32880600
10/3/2024,225.4219818,225.6699982,226.8099976,223.3200073,225.1399994,34044200
10/4/2024,226.5507507,226.8000031,228,224.1300049,227.8999939,37245100
10/7/2024,221.4463654,221.6900024,225.6900024,221.3300018,224.5,39505400
10/8/2024,225.5218811,225.7700043,225.9799957,223.25,224.3000031,31855700
10/9/2024,229.287735,229.5399933,229.75,224.8300018,225.2299957,33591100
10/10/2024,228.7882843,229.0399933,229.5,227.1699982,227.7799988,28183500
10/11/2024,227.2999268,227.5500031,229.4100037,227.3399963,229.3000031,31759200
10/14/2024,231.0458069,231.3000031,231.7299957,228.6000061,228.6999969,39882100
10/15/2024,233.5930023,233.8500061,237.4900055,232.3699951,233.6100006,64751400
10/16/2024,231.5252686,231.7799988,232.1199951,229.8399963,231.6000061,34082200
10/17/2024,231.8948669,232.1499939,233.8500061,230.5200043,233.4299927,32993800
10/18/2024,234.7417297,235,236.1799927,234.0099945,236.1799927,46431500
10/21/2024,236.220108,236.4799957,236.8500061,234.4499969,234.4499969,36254500
10/22/2024,235.6007996,235.8600006,236.2200012,232.6000061,233.8899994,38846600
10/23/2024,230.5063934,230.7599945,235.1399994,227.7599945,234.0800018,52287000
10/24/2024,230.3166199,230.5700073,230.8200073,228.4100037,229.9799957,31109500
10/25/2024,231.1556854,231.4100037,233.2200012,229.5700073,229.7400055,38802300
10/28/2024,233.1434937,233.3999939,234.7299957,232.5500031,233.3200073,36087100
10/29/2024,233.4131927,233.6699982,234.3300018,232.3200073,233.1000061,35417200
10/30/2024,229.8471222,230.1000061,233.4700012,229.5500031,232.6100006,47070900
10/31/2024,225.6617279,225.9100037,229.8300018,225.3699951,229.3399963,64370100
11/1/2024,222.6650238,222.9100037,225.3500061,220.2700043,220.9700012,65276700
11/4/2024,221.7660065,222.0099945,222.7899933,219.7100067,220.9900055,44944500
11/5/2024,223.204422,223.4499969,223.9499969,221.1399994,221.8000031,28111300
11/6/2024,222.475235,222.7200012,226.0700073,221.1900024,222.6100006,54561100
11/7/2024,227.2299957,227.4799957,227.8800049,224.5700073,224.6300049,42137700
11/8/2024,226.9600067,226.9600067,228.6600037,226.4100037,227.1699982,38328800
11/11/2024,224.2299957,224.2299957,225.6999969,221.5,225,42005600
11/12/2024,224.2299957,224.2299957,225.5899963,223.3600006,224.5500031,40398300
11/13/2024,225.1199951,225.1199951,226.6499939,222.7599945,224.0099945,48566200
11/14/2024,228.2200012,228.2200012,228.8699951,225,225.0200043,44923900
11/15/2024,225,225,226.9199982,224.2700043,226.3999939,47923700
11/18/2024,228.0200043,228.0200043,229.7400055,225.1699982,225.25,44686000
11/19/2024,228.2799988,228.2799988,230.1600037,226.6600037,226.9799957,36211800
11/20/2024,229,229,229.9299927,225.8899994,228.0599976,35169600
11/21/2024,228.5200043,228.5200043,230.1600037,225.7100067,228.8800049,42108300
11/22/2024,229.8699951,229.8699951,230.7200012,228.0599976,228.0599976,38168300
11/25/2024,232.8699951,232.8699951,233.25,229.7400055,231.4600067,90152800
11/26/2024,235.0599976,235.0599976,235.5700073,233.3300018,233.3300018,45986200
11/27/2024,234.9299927,234.9299927,235.6900024,233.8099976,234.4700012,33498400
11/29/2024,237.3300018,237.3300018,237.8099976,233.9700012,234.8099976,28481400
